{
	"credit": "Made with Blockbench",
	"parent": "minecraft:block/template_fence_gate_wall",
	"textures": {
		"1": "#1",
		"particle": "#particle"
	},
	"elements": [
		{
			"from": [9, 2, 8],
			"to": [14, 12, 8],
			"faces": {
				"north": {"uv": [5, 6, 10, 16], "texture": "#1"},
				"east": {"uv": [0, 0, 0, 10], "texture": "#1"},
				"south": {"uv": [10, 6, 15, 16], "texture": "#1"},
				"west": {"uv": [0, 0, 0, 10], "texture": "#1"},
				"up": {"uv": [0, 0, 5, 0], "texture": "#1"},
				"down": {"uv": [0, 0, 5, 0], "texture": "#1"}
			}
		},
		{
			"name": "Right-hand post",
			"from": [14, 0, 7],
			"to": [16, 14, 9],
			"faces": {
				"north": {"uv": [1, 1, 3, 15], "texture": "#1"},
				"east": {"uv": [1, 1, 3, 15], "texture": "#1", "cullface": "east"},
				"south": {"uv": [1, 1, 3, 15], "texture": "#1"},
				"west": {"uv": [1, 1, 3, 15], "texture": "#1"},
				"up": {"uv": [1, 7, 3, 9], "texture": "#1"},
				"down": {"uv": [1, 7, 3, 9], "texture": "#1"}
			}
		},
		{
			"name": "Left-hand post",
			"from": [0, 0, 7],
			"to": [2, 14, 9],
			"faces": {
				"north": {"uv": [1, 1, 3, 15], "texture": "#1"},
				"east": {"uv": [1, 1, 3, 15], "texture": "#1"},
				"south": {"uv": [1, 1, 3, 15], "texture": "#1"},
				"west": {"uv": [1, 1, 3, 15], "texture": "#1", "cullface": "west"},
				"up": {"uv": [1, 7, 3, 9], "texture": "#1"},
				"down": {"uv": [1, 7, 3, 9], "texture": "#1"}
			}
		},
		{
			"name": "Lower horizontal bar of right-hand gate door",
			"from": [9, 1.25, 7.5],
			"to": [14, 2.25, 8.5],
			"faces": {
				"north": {"uv": [1, 6, 2, 11], "rotation": 90, "texture": "#1"},
				"south": {"uv": [1, 6, 2, 11], "rotation": 90, "texture": "#1"},
				"up": {"uv": [1, 6, 2, 11], "rotation": 90, "texture": "#1"},
				"down": {"uv": [1, 6, 2, 11], "rotation": 90, "texture": "#1"}
			}
		},
		{
			"name": "Upper horizontal bar of right-hand gate door",
			"from": [9, 11.75, 7.5],
			"to": [14, 12.75, 8.5],
			"faces": {
				"north": {"uv": [1, 6, 2, 11], "rotation": 90, "texture": "#1"},
				"south": {"uv": [1, 6, 2, 11], "rotation": 90, "texture": "#1"},
				"up": {"uv": [1, 6, 2, 11], "rotation": 90, "texture": "#1"},
				"down": {"uv": [1, 6, 2, 11], "rotation": 90, "texture": "#1"}
			}
		},
		{
			"name": "Inner vertical post of right-hand gate door",
			"from": [8, 1.25, 7.5],
			"to": [9, 12.75, 8.5],
			"faces": {
				"north": {"uv": [1, 3, 2, 14.5], "texture": "#1"},
				"east": {"uv": [1, 3, 2, 14.5], "texture": "#1"},
				"south": {"uv": [1, 3, 2, 14.5], "texture": "#1"},
				"west": {"uv": [1, 3, 2, 14.5], "texture": "#1"},
				"up": {"uv": [1, 6, 2, 7], "texture": "#1"},
				"down": {"uv": [1, 6, 2, 7], "texture": "#1"}
			}
		},
		{
			"name": "Inner vertical post of left-hand gate door",
			"from": [7, 1.25, 7.5],
			"to": [8, 12.75, 8.5],
			"faces": {
				"north": {"uv": [1, 2, 2, 13.5], "texture": "#1"},
				"east": {"uv": [1, 2, 2, 13.5], "texture": "#1"},
				"south": {"uv": [1, 2, 2, 13.5], "texture": "#1"},
				"west": {"uv": [1, 2, 2, 13.5], "texture": "#1"},
				"up": {"uv": [3, 7, 2, 8], "texture": "#1"},
				"down": {"uv": [1, 7, 2, 8], "texture": "#1"}
			}
		},
		{
			"name": "Upper horizontal bar of left-hand gate door",
			"from": [2, 11.75, 7.5],
			"to": [7, 12.75, 8.5],
			"faces": {
				"north": {"uv": [1, 6, 2, 11], "rotation": 90, "texture": "#1"},
				"south": {"uv": [1, 6, 2, 11], "rotation": 90, "texture": "#1"},
				"up": {"uv": [1, 6, 2, 11], "rotation": 90, "texture": "#1"},
				"down": {"uv": [1, 6, 2, 11], "rotation": 90, "texture": "#1"}
			}
		},
		{
			"name": "Lower horizontal bar of left-hand gate door",
			"from": [2, 1.25, 7.5],
			"to": [7, 2.25, 8.5],
			"faces": {
				"north": {"uv": [2, 6, 3, 11], "rotation": 90, "texture": "#1"},
				"south": {"uv": [2, 6, 3, 11], "rotation": 90, "texture": "#1"},
				"up": {"uv": [2, 6, 3, 11], "rotation": 90, "texture": "#1"},
				"down": {"uv": [2, 6, 3, 11], "rotation": 90, "texture": "#1"}
			}
		},
		{
			"from": [2, 2, 8],
			"to": [7, 12, 8],
			"faces": {
				"north": {"uv": [10, 6, 15, 16], "texture": "#1"},
				"east": {"uv": [0, 0, 0, 10], "texture": "#1"},
				"south": {"uv": [5, 6, 10, 16], "texture": "#1"},
				"west": {"uv": [0, 0, 0, 10], "texture": "#1"},
				"up": {"uv": [0, 0, 5, 0], "texture": "#1"},
				"down": {"uv": [0, 0, 5, 0], "texture": "#1"}
			}
		}
	]
}