{
	"credit": "Made with Blockbench",
	"parent": "minecraft:block/template_fence_gate_open",
	"textures": {
		"1": "#1",
		"particle": "#particle"
	},
	"elements": [
		{
			"from": [15, 3, 9],
			"to": [15, 13, 14],
			"rotation": {"angle": 0, "axis": "y", "origin": [10, 8, 8]},
			"faces": {
				"north": {"uv": [0, 0, 0, 10], "texture": "#1"},
				"east": {"uv": [10, 6, 15, 16], "texture": "#1"},
				"south": {"uv": [0, 0, 0, 10], "texture": "#1"},
				"west": {"uv": [5, 6, 10, 16], "texture": "#1"},
				"up": {"uv": [0, 0, 5, 0], "rotation": 270, "texture": "#1"},
				"down": {"uv": [0, 0, 5, 0], "rotation": 90, "texture": "#1"}
			}
		},
		{
			"name": "Right-hand post",
			"from": [14, 1, 7],
			"to": [16, 15, 9],
			"faces": {
				"north": {"uv": [1, 1, 3, 15], "texture": "#1"},
				"east": {"uv": [1, 1, 3, 15], "texture": "#1", "cullface": "east"},
				"south": {"uv": [1, 1, 3, 15], "texture": "#1"},
				"west": {"uv": [1, 1, 3, 15], "texture": "#1"},
				"up": {"uv": [1, 7, 3, 9], "texture": "#1"},
				"down": {"uv": [1, 7, 3, 9], "texture": "#1"}
			}
		},
		{
			"name": "Left-hand post",
			"from": [0, 1, 7],
			"to": [2, 15, 9],
			"faces": {
				"north": {"uv": [1, 1, 3, 15], "texture": "#1"},
				"east": {"uv": [1, 1, 3, 15], "texture": "#1"},
				"south": {"uv": [1, 1, 3, 15], "texture": "#1"},
				"west": {"uv": [1, 1, 3, 15], "texture": "#1", "cullface": "west"},
				"up": {"uv": [1, 7, 3, 9], "texture": "#1"},
				"down": {"uv": [1, 7, 3, 9], "texture": "#1"}
			}
		},
		{
			"name": "Lower horizontal bar of right-hand gate door",
			"from": [14.5, 2.25, 9],
			"to": [15.5, 3.25, 14],
			"rotation": {"angle": 0, "axis": "y", "origin": [10, 8, 8]},
			"faces": {
				"east": {"uv": [1, 6, 2, 11], "rotation": 90, "texture": "#1"},
				"west": {"uv": [1, 6, 2, 11], "rotation": 90, "texture": "#1"},
				"up": {"uv": [1, 6, 2, 11], "texture": "#1"},
				"down": {"uv": [1, 6, 2, 11], "rotation": 180, "texture": "#1"}
			}
		},
		{
			"name": "Upper horizontal bar of right-hand gate door",
			"from": [14.5, 12.75, 9],
			"to": [15.5, 13.75, 14],
			"rotation": {"angle": 0, "axis": "y", "origin": [10, 8, 8]},
			"faces": {
				"east": {"uv": [1, 6, 2, 11], "rotation": 90, "texture": "#1"},
				"west": {"uv": [1, 6, 2, 11], "rotation": 90, "texture": "#1"},
				"up": {"uv": [1, 6, 2, 11], "texture": "#1"},
				"down": {"uv": [1, 6, 2, 11], "rotation": 180, "texture": "#1"}
			}
		},
		{
			"name": "Inner vertical post of right-hand gate door",
			"from": [14.5, 2.25, 14],
			"to": [15.5, 13.75, 15],
			"rotation": {"angle": 0, "axis": "y", "origin": [10, 8, 8]},
			"faces": {
				"north": {"uv": [2, 3, 3, 14.5], "texture": "#1"},
				"east": {"uv": [2, 3, 3, 14.5], "texture": "#1"},
				"south": {"uv": [2, 3, 3, 14.5], "texture": "#1"},
				"west": {"uv": [2, 2, 3, 13.5], "texture": "#1"},
				"up": {"uv": [2, 6, 3, 7], "rotation": 270, "texture": "#1"},
				"down": {"uv": [2, 6, 3, 7], "rotation": 90, "texture": "#1"}
			}
		},
		{
			"name": "Inner vertical post of left-hand gate door",
			"from": [0.5, 2.25, 14],
			"to": [1.5, 13.75, 15],
			"rotation": {"angle": 0, "axis": "y", "origin": [6, 8, 8]},
			"faces": {
				"north": {"uv": [1, 2, 2, 13.5], "texture": "#1"},
				"east": {"uv": [1, 2, 2, 13.5], "texture": "#1"},
				"south": {"uv": [1, 2, 2, 13.5], "texture": "#1"},
				"west": {"uv": [1, 2, 2, 13.5], "texture": "#1"},
				"up": {"uv": [1, 7, 2, 8], "rotation": 90, "texture": "#1"},
				"down": {"uv": [1, 7, 2, 8], "rotation": 270, "texture": "#1"}
			}
		},
		{
			"name": "Upper horizontal bar of left-hand gate door",
			"from": [0.5, 12.75, 9],
			"to": [1.5, 13.75, 14],
			"rotation": {"angle": 0, "axis": "y", "origin": [6, 8, 8]},
			"faces": {
				"east": {"uv": [1, 6, 2, 11], "rotation": 90, "texture": "#1"},
				"west": {"uv": [1, 6, 2, 11], "rotation": 90, "texture": "#1"},
				"up": {"uv": [1, 6, 2, 11], "rotation": 180, "texture": "#1"},
				"down": {"uv": [1, 6, 2, 11], "texture": "#1"}
			}
		},
		{
			"name": "Lower horizontal bar of left-hand gate door",
			"from": [0.5, 2.25, 9],
			"to": [1.5, 3.25, 14],
			"rotation": {"angle": 0, "axis": "y", "origin": [6, 8, 8]},
			"faces": {
				"east": {"uv": [3, 6, 2, 11], "rotation": 90, "texture": "#1"},
				"west": {"uv": [3, 6, 2, 11], "rotation": 90, "texture": "#1"},
				"up": {"uv": [3, 6, 2, 11], "rotation": 180, "texture": "#1"},
				"down": {"uv": [3, 6, 2, 11], "texture": "#1"}
			}
		},
		{
			"from": [1, 3, 9],
			"to": [1, 13, 14],
			"rotation": {"angle": 0, "axis": "y", "origin": [6, 8, 8]},
			"faces": {
				"north": {"uv": [0, 0, 0, 10], "texture": "#1"},
				"east": {"uv": [10, 6, 15, 16], "texture": "#1"},
				"south": {"uv": [0, 0, 0, 10], "texture": "#1"},
				"west": {"uv": [5, 6, 10, 16], "texture": "#1"},
				"up": {"uv": [0, 0, 5, 0], "rotation": 90, "texture": "#1"},
				"down": {"uv": [0, 0, 5, 0], "rotation": 270, "texture": "#1"}
			}
		}
	]
}