{
	"format_version": "1.21.6",
	"credit": "Made with Blockbench",
	"textures": {
		"0": "#0",
		"particle": "#particle"
	},
	"elements": [
		{
			"name": "lower bar",
			"from": [7, 1, 0],
			"to": [9, 3, 6],
			"faces": {
				"north": {"uv": [8, 0, 10, 2], "texture": "#0", "cullface": "north"},
				"east": {"uv": [8, 2, 14, 4], "texture": "#0"},
				"west": {"uv": [8, 2, 14, 4], "texture": "#0"},
				"up": {"uv": [8, 0, 14, 2], "rotation": 90, "texture": "#0"},
				"down": {"uv": [8, 0, 14, 2], "rotation": 90, "texture": "#0"}
			}
		},
		{
			"name": "top bar",
			"from": [7, 13, 0],
			"to": [9, 15, 6],
			"faces": {
				"north": {"uv": [8, 0, 10, 2], "texture": "#0", "cullface": "north"},
				"east": {"uv": [8, 2, 14, 4], "texture": "#0"},
				"west": {"uv": [8, 2, 14, 4], "texture": "#0"},
				"up": {"uv": [8, 0, 14, 2], "rotation": 90, "texture": "#0"},
				"down": {"uv": [8, 0, 14, 2], "rotation": 90, "texture": "#0"}
			}
		},
		{
			"from": [8, 3, 0],
			"to": [8, 13, 6],
			"faces": {
				"north": {"uv": [0, 0, 0, 10], "texture": "#0"},
				"east": {"uv": [4, 6, 10, 16], "texture": "#0"},
				"south": {"uv": [0, 0, 0, 10], "texture": "#0"},
				"west": {"uv": [10, 6, 16, 16], "texture": "#0"},
				"up": {"uv": [0, 0, 0, 6], "texture": "#0"},
				"down": {"uv": [0, 0, 0, 6], "texture": "#0"}
			}
		}
	]
}
