{
	"credit": "Made with Blockbench",
	"textures": {
		"1": "#1",
		"particle": "#particle"
	},
	"elements": [
		{
			"name": "Right-hand post",
			"from": [14, 1, 7],
			"to": [16, 15, 9],
			"faces": {
				"north": {"uv": [1, 1, 3, 15], "texture": "#1"},
				"east": {"uv": [1, 1, 3, 15], "texture": "#1", "cullface": "east"},
				"south": {"uv": [1, 1, 3, 15], "texture": "#1"},
				"west": {"uv": [1, 1, 3, 15], "texture": "#1"},
				"up": {"uv": [1, 7, 3, 9], "texture": "#1"},
				"down": {"uv": [1, 7, 3, 9], "texture": "#1"}
			}
		},
		{
			"name": "Left-hand post",
			"from": [0, 1, 7],
			"to": [2, 15, 9],
			"faces": {
				"north": {"uv": [1, 1, 3, 15], "texture": "#1"},
				"east": {"uv": [1, 1, 3, 15], "texture": "#1"},
				"south": {"uv": [1, 1, 3, 15], "texture": "#1"},
				"west": {"uv": [1, 1, 3, 15], "texture": "#1", "cullface": "west"},
				"up": {"uv": [1, 7, 3, 9], "texture": "#1"},
				"down": {"uv": [1, 7, 3, 9], "texture": "#1"}
			}
		},
		{
			"name": "Lower horizontal bar of right-hand gate door",
			"from": [9, 2.25, 7.5],
			"to": [14, 3.25, 8.5],
			"faces": {
				"north": {"uv": [2, 6, 3, 11], "rotation": 90, "texture": "#1"},
				"south": {"uv": [2, 6, 3, 11], "rotation": 90, "texture": "#1"},
				"up": {"uv": [2, 6, 3, 11], "rotation": 90, "texture": "#1"},
				"down": {"uv": [2, 6, 3, 11], "rotation": 90, "texture": "#1"}
			}
		},
		{
			"name": "Upper horizontal bar of right-hand gate door",
			"from": [9, 12.75, 7.5],
			"to": [14, 13.75, 8.5],
			"faces": {
				"north": {"uv": [1, 6, 2, 11], "rotation": 90, "texture": "#1"},
				"south": {"uv": [1, 6, 2, 11], "rotation": 90, "texture": "#1"},
				"up": {"uv": [1, 6, 2, 11], "rotation": 90, "texture": "#1"},
				"down": {"uv": [1, 6, 2, 11], "rotation": 90, "texture": "#1"}
			}
		},
		{
			"name": "Inner vertical post of right-hand gate door",
			"from": [8, 2.25, 7.5],
			"to": [9, 13.75, 8.5],
			"faces": {
				"north": {"uv": [1, 3, 2, 14.5], "texture": "#1"},
				"east": {"uv": [1, 3, 2, 14.5], "texture": "#1"},
				"south": {"uv": [1, 3, 2, 14.5], "texture": "#1"},
				"west": {"uv": [1, 3, 2, 14.5], "texture": "#1"},
				"up": {"uv": [1, 6, 2, 7], "texture": "#1"},
				"down": {"uv": [1, 6, 2, 7], "texture": "#1"}
			}
		},
		{
			"name": "Inner vertical post of left-hand gate door",
			"from": [7, 2.25, 7.5],
			"to": [8, 13.75, 8.5],
			"faces": {
				"north": {"uv": [2, 2, 3, 13.5], "texture": "#1"},
				"east": {"uv": [2, 2, 3, 13.5], "texture": "#1"},
				"south": {"uv": [2, 2, 3, 13.5], "texture": "#1"},
				"west": {"uv": [2, 2, 3, 13.5], "texture": "#1"},
				"up": {"uv": [2, 7, 3, 8], "texture": "#1"},
				"down": {"uv": [2, 7, 3, 8], "texture": "#1"}
			}
		},
		{
			"name": "Upper horizontal bar of left-hand gate door",
			"from": [2, 12.75, 7.5],
			"to": [7, 13.75, 8.5],
			"faces": {
				"north": {"uv": [1, 6, 2, 11], "rotation": 90, "texture": "#1"},
				"south": {"uv": [1, 6, 2, 11], "rotation": 90, "texture": "#1"},
				"up": {"uv": [1, 6, 2, 11], "rotation": 90, "texture": "#1"},
				"down": {"uv": [1, 6, 2, 11], "rotation": 90, "texture": "#1"}
			}
		},
		{
			"name": "Lower horizontal bar of left-hand gate door",
			"from": [2, 2.25, 7.5],
			"to": [7, 3.25, 8.5],
			"faces": {
				"north": {"uv": [3, 6, 2, 11], "rotation": 90, "texture": "#1"},
				"south": {"uv": [3, 6, 2, 11], "rotation": 90, "texture": "#1"},
				"up": {"uv": [3, 6, 2, 11], "rotation": 90, "texture": "#1"},
				"down": {"uv": [3, 6, 2, 11], "rotation": 90, "texture": "#1"}
			}
		},
		{
			"from": [2, 3, 8],
			"to": [7, 13, 8],
			"faces": {
				"north": {"uv": [10, 6, 15, 16], "texture": "#1"},
				"east": {"uv": [0, 0, 0, 10], "texture": "#1"},
				"south": {"uv": [5, 6, 10, 16], "texture": "#1"},
				"west": {"uv": [0, 0, 0, 10], "texture": "#1"},
				"up": {"uv": [0, 0, 5, 0], "texture": "#1"},
				"down": {"uv": [0, 0, 5, 0], "texture": "#1"}
			}
		},
		{
			"from": [9, 3, 8],
			"to": [14, 13, 8],
			"faces": {
				"north": {"uv": [5, 6, 10, 16], "texture": "#1"},
				"east": {"uv": [0, 0, 0, 10], "texture": "#1"},
				"south": {"uv": [10, 6, 15, 16], "texture": "#1"},
				"west": {"uv": [0, 0, 0, 10], "texture": "#1"},
				"up": {"uv": [0, 0, 5, 0], "texture": "#1"},
				"down": {"uv": [0, 0, 5, 0], "texture": "#1"}
			}
		}
	],
	"display": {
		"thirdperson_righthand": {
			"rotation": [22.23, -36.64, 17.96],
			"translation": [-0.25, 1, 0.5],
			"scale": [0.25, 0.25, 0.25]
		},
		"thirdperson_lefthand": {
			"rotation": [22.23, -36.54, 17.96],
			"translation": [-0.25, 1, 0.5],
			"scale": [0.25, 0.25, 0.25]
		},
		"firstperson_righthand": {
			"rotation": [0, -45, 0],
			"translation": [0, 0.5, 0],
			"scale": [0.4, 0.4, 0.4]
		},
		"firstperson_lefthand": {
			"rotation": [0, -45, 0],
			"translation": [0, 0.5, 0],
			"scale": [0.4, 0.4, 0.4]
		},
		"ground": {
			"translation": [0, 2, 0],
			"scale": [0.25, 0.25, 0.25]
		},
		"gui": {
			"rotation": [22.5, 45, 0],
			"scale": [0.75, 0.75, 0.75]
		}
	}
}