{
    "variants": {
        "hanging=true": [
		{ "model": "block/exposed_copper_lantern_hanging"},
		{ "model": "block/exposed_copper_lantern_hanging_10"},
		{ "model": "block/exposed_copper_lantern_hanging_20"},
		{ "model": "block/exposed_copper_lantern_hanging_30"},
		{ "model": "block/exposed_copper_lantern_hanging_-10"},
		{ "model": "block/exposed_copper_lantern_hanging_-20"},
		{ "model": "block/exposed_copper_lantern_hanging_-30"}
		],
        "hanging=false": [
		{ "model": "block/exposed_copper_lantern"},
		{ "model": "block/exposed_copper_lantern_10"},
		{ "model": "block/exposed_copper_lantern_20"},
		{ "model": "block/exposed_copper_lantern_30"},
		{ "model": "block/exposed_copper_lantern_-10"},
		{ "model": "block/exposed_copper_lantern_-20"},
		{ "model": "block/exposed_copper_lantern_-30"}
		]
  }
}
