{
    "variants": {
        "hanging=true": [
		{ "model": "block/lantern_hanging"},
		{ "model": "block/hanging_lantern_10"},
		{ "model": "block/hanging_lantern_20"},
		{ "model": "block/hanging_lantern_30"},
		{ "model": "block/hanging_lantern_-10"},
		{ "model": "block/hanging_lantern_-20"},
		{ "model": "block/hanging_lantern_-30"}
		],
        "hanging=false": [
		{ "model": "block/lantern"},
		{ "model": "block/lantern_10"},
		{ "model": "block/lantern_20"},
		{ "model": "block/lantern_30"},
		{ "model": "block/lantern_-10"},
		{ "model": "block/lantern_-20"},
		{ "model": "block/lantern_-30"}
		]
  }
}
