{
    "variants": {
        "hanging=true": [
		{ "model": "block/soul_lantern_hanging"},
		{ "model": "block/hanging_soul_lantern_10"},
		{ "model": "block/hanging_soul_lantern_20"},
		{ "model": "block/hanging_soul_lantern_30"},
		{ "model": "block/hanging_soul_lantern_-10"},
		{ "model": "block/hanging_soul_lantern_-20"},
		{ "model": "block/hanging_soul_lantern_-30"}
		],
        "hanging=false": [
		{ "model": "block/soul_lantern"},
		{ "model": "block/soul_lantern_10"},
		{ "model": "block/soul_lantern_20"},
		{ "model": "block/soul_lantern_30"},
		{ "model": "block/soul_lantern_-10"},
		{ "model": "block/soul_lantern_-20"},
		{ "model": "block/soul_lantern_-30"}
		]
  }
}
