{
	"format_version": "1.21.6",
	"credit": "Made with Blockbench",
	"texture_size": [64, 32],
	"textures": {
		"0": "entity/equipment/humanoid/e_diamond",
		"1": "entity/equipment/humanoid/chestplate_outline",
		"particle": "entity/equipment/humanoid/e_diamond"
	},
	"elements": [
		{
			"name": "right_shoe",
			"from": [7.15, -0.75, 5.25],
			"to": [12.65, 3, 10.75],
			"rotation": {"angle": 15, "axis": "x", "origin": [9.875, 1.125, 8]},
			"faces": {
				"north": {"uv": [1, 14.5, 2, 16], "texture": "#0"},
				"east": {"uv": [0, 14.5, 1, 16], "texture": "#0"},
				"south": {"uv": [3, 14.5, 4, 16], "texture": "#0"},
				"west": {"uv": [2, 14.5, 3, 16], "texture": "#0"},
				"up": {"uv": [4, 10, 3, 8], "texture": "#0"},
				"down": {"uv": [3, 8, 2, 10], "texture": "#0"}
			}
		},
		{
			"name": "left_shoe",
			"from": [2.85, -0.75, 5.25],
			"to": [8.35, 3, 10.75],
			"rotation": {"angle": 10, "axis": "y", "origin": [5.625, 1.125, 8]},
			"faces": {
				"north": {"uv": [2, 14.5, 1, 16], "texture": "#0"},
				"east": {"uv": [3, 14.5, 2, 16], "texture": "#0"},
				"south": {"uv": [4, 14.5, 3, 16], "texture": "#0"},
				"west": {"uv": [1, 14.5, 0, 16], "texture": "#0"},
				"up": {"uv": [3, 10, 4, 8], "texture": "#0"},
				"down": {"uv": [2, 8, 3, 10], "texture": "#0"}
			}
		},
		{
			"name": "left_shoe_outline",
			"from": [8.35, 3, 10.75],
			"to": [2.85, -0.75, 5.25],
			"rotation": {"angle": 10, "axis": "y", "origin": [5.625, 1.125, 8]},
			"faces": {
				"north": {"uv": [4, 14.5, 3, 16], "rotation": 180, "texture": "#0"},
				"east": {"uv": [1, 14.5, 0, 16], "rotation": 180, "texture": "#0"},
				"south": {"uv": [2, 14.5, 1, 16], "rotation": 180, "texture": "#0"},
				"west": {"uv": [3, 14.5, 2, 16], "rotation": 180, "texture": "#0"},
				"up": {"uv": [2, 8, 3, 10], "rotation": 180, "texture": "#0"},
				"down": {"uv": [3, 10, 4, 8], "rotation": 180, "texture": "#0"}
			}
		},
		{
			"from": [8.55, 3.1, 10.85],
			"to": [2.75, -0.85, 5.15],
			"rotation": {"angle": 10, "axis": "y", "origin": [5.625, 1.125, 8]},
			"faces": {
				"north": {"uv": [9.75, 12, 10, 12.5], "texture": "#1"},
				"east": {"uv": [15.75, 15.5, 16, 16], "texture": "#1"},
				"south": {"uv": [15.75, 15.5, 16, 16], "texture": "#1"},
				"west": {"uv": [15.75, 15.5, 16, 16], "texture": "#1"},
				"up": {"uv": [15.75, 15.5, 16, 16], "texture": "#1"},
				"down": {"uv": [15.75, 15.5, 16, 16], "texture": "#1"}
			}
		},
		{
			"name": "right_shoe_outline",
			"from": [12.65, 3, 10.75],
			"to": [7.15, -0.75, 5.25],
			"rotation": {"angle": 15, "axis": "x", "origin": [9.875, 1.125, 8]},
			"faces": {
				"north": {"uv": [3, 14.5, 4, 16], "rotation": 180, "texture": "#0"},
				"east": {"uv": [2, 14.5, 3, 16], "rotation": 180, "texture": "#0"},
				"south": {"uv": [1, 14.5, 2, 16], "rotation": 180, "texture": "#0"},
				"west": {"uv": [0, 14.5, 1, 16], "rotation": 180, "texture": "#0"},
				"up": {"uv": [3, 8, 2, 10], "rotation": 180, "texture": "#0"},
				"down": {"uv": [4, 10, 3, 8], "rotation": 180, "texture": "#0"}
			}
		},
		{
			"from": [12.75, 3.1, 10.85],
			"to": [7, -0.85, 5.15],
			"rotation": {"angle": 15, "axis": "x", "origin": [9.875, 1.125, 8]},
			"faces": {
				"north": {"uv": [9.75, 12, 10, 12.5], "texture": "#1"},
				"east": {"uv": [15.75, 15.5, 16, 16], "texture": "#1"},
				"south": {"uv": [15.75, 15.5, 16, 16], "texture": "#1"},
				"west": {"uv": [15.75, 15.5, 16, 16], "texture": "#1"},
				"up": {"uv": [15.75, 15.5, 16, 16], "texture": "#1"},
				"down": {"uv": [15.75, 15.5, 16, 16], "texture": "#1"}
			}
		}
	],
	"display": {
		"thirdperson_righthand": {
			"rotation": [0, 90, 0],
			"translation": [0.25, 5.25, 0.75],
			"scale": [0.57813, 0.57813, 0.57813]
		},
		"thirdperson_lefthand": {
			"rotation": [-112.5, 76.5, 112.5],
			"translation": [-1.25, 5, 0.75],
			"scale": [0.57813, 0.57813, 0.57813]
		},
		"firstperson_righthand": {
			"rotation": [137.96, 72.35, -136.58],
			"translation": [0, 5.25, 2],
			"scale": [0.41015, 0.41015, 0.41015]
		},
		"firstperson_lefthand": {
			"rotation": [137.96, 72.35, -136.58],
			"translation": [0, 5.25, 2],
			"scale": [0.41015, 0.41015, 0.41015]
		}
	},
	"groups": [
		0,
		{
			"name": "group",
			"origin": [6.675, 1.125, 8],
			"color": 0,
			"children": [1, 2, 3]
		},
		4,
		5
	]
}