{
	"format_version": "1.21.6",
	"credit": "Made with Blockbench",
	"texture_size": [64, 64],
	"textures": {
		"0": "entity/equipment/humanoid/e_diamond",
		"1": "entity/equipment/humanoid_leggings/e_diamond",
		"2": "entity/equipment/humanoid/chestplate_outline",
		"particle": "entity/equipment/humanoid/chestplate_outline"
	},
	"elements": [
		{
			"name": "left_arm_outline",
			"from": [5.15, 13.55, 10.75],
			"to": [-0.35, 0.05, 5.25],
			"rotation": {"angle": -15, "axis": "z", "origin": [2.3875, 10.7625, 8]},
			"faces": {
				"north": {"uv": [13, 10, 14, 16], "rotation": 180, "texture": "#0"},
				"east": {"uv": [10, 10, 11, 16], "rotation": 180, "texture": "#0"},
				"south": {"uv": [11, 10, 12, 16], "rotation": 180, "texture": "#0"},
				"west": {"uv": [12, 10, 13, 16], "rotation": 180, "texture": "#0"},
				"up": {"uv": [13, 8, 12, 10], "rotation": 180, "texture": "#0"},
				"down": {"uv": [12, 10, 11, 8], "rotation": 180, "texture": "#0"}
			}
		},
		{
			"name": "left_arm",
			"from": [-0.35, 0.05, 5.25],
			"to": [5.15, 13.55, 10.75],
			"rotation": {"angle": -15, "axis": "z", "origin": [2.3875, 10.7625, 8]},
			"faces": {
				"north": {"uv": [12, 10, 11, 16], "texture": "#0"},
				"east": {"uv": [13, 10, 12, 16], "texture": "#0"},
				"south": {"uv": [14, 10, 13, 16], "texture": "#0"},
				"west": {"uv": [11, 10, 10, 16], "texture": "#0"},
				"up": {"uv": [11, 10, 12, 8], "texture": "#0"},
				"down": {"uv": [12, 8, 13, 10], "texture": "#0"}
			}
		},
		{
			"from": [-0.45, 13.65, 5.15],
			"to": [5.2, 7.8, 10.85],
			"rotation": {"angle": -15, "axis": "z", "origin": [2.3875, 10.7625, 8]},
			"faces": {
				"north": {"uv": [3.75, 0, 5.25, 1.5], "texture": "#2"},
				"east": {"uv": [3.75, 1.5, 5.25, 3], "texture": "#2"},
				"south": {"uv": [3.75, 3, 5.25, 4.5], "texture": "#2"},
				"west": {"uv": [3.75, 4.5, 5.25, 6], "texture": "#2"},
				"up": {"uv": [6.75, 1.5, 5.25, 0], "texture": "#2"},
				"down": {"uv": [6.75, 1.5, 5.25, 3], "texture": "#2"}
			}
		},
		{
			"name": "right_arm_outline",
			"from": [16.45, 13.45, 10.75],
			"to": [10.95, -0.05, 5.25],
			"rotation": {"angle": 15, "axis": "z", "origin": [13.7125, 10.6625, 8]},
			"faces": {
				"north": {"uv": [14, 10, 13, 16], "rotation": 180, "texture": "#0"},
				"east": {"uv": [13, 10, 12, 16], "rotation": 180, "texture": "#0"},
				"south": {"uv": [12, 10, 11, 16], "rotation": 180, "texture": "#0"},
				"west": {"uv": [11, 10, 10, 16], "rotation": 180, "texture": "#0"},
				"up": {"uv": [12, 8, 13, 10], "rotation": 180, "texture": "#0"},
				"down": {"uv": [11, 10, 12, 8], "rotation": 180, "texture": "#0"}
			}
		},
		{
			"name": "right_arm",
			"from": [10.95, -0.05, 5.25],
			"to": [16.45, 13.45, 10.75],
			"rotation": {"angle": 15, "axis": "z", "origin": [13.7125, 10.6625, 8]},
			"faces": {
				"north": {"uv": [11, 10, 12, 16], "texture": "#0"},
				"east": {"uv": [10, 10, 11, 16], "texture": "#0"},
				"south": {"uv": [13, 10, 14, 16], "texture": "#0"},
				"west": {"uv": [12, 10, 13, 16], "texture": "#0"},
				"up": {"uv": [12, 10, 11, 8], "texture": "#0"},
				"down": {"uv": [13, 8, 12, 10], "texture": "#0"}
			}
		},
		{
			"from": [10.9, 13.55, 5.15],
			"to": [16.55, 7.7, 10.85],
			"rotation": {"angle": 15, "axis": "z", "origin": [13.7125, 10.6625, 8]},
			"faces": {
				"north": {"uv": [5.25, 3, 6.75, 4.5], "texture": "#2"},
				"east": {"uv": [5.25, 4.5, 6.75, 6], "texture": "#2"},
				"south": {"uv": [3.75, 6, 5.25, 7.5], "texture": "#2"},
				"west": {"uv": [5.25, 6, 6.75, 7.5], "texture": "#2"},
				"up": {"uv": [2.75, 7.75, 1.25, 6.25], "texture": "#2"},
				"down": {"uv": [8.25, 0, 6.75, 1.5], "texture": "#2"}
			}
		},
		{
			"name": "waist_outline",
			"from": [12.5, 12.5, 10.5],
			"to": [3.5, -0.5, 5.5],
			"rotation": {"angle": 0, "axis": "y", "origin": [8, 6, 8]},
			"faces": {
				"north": {"uv": [8, 10, 10, 16], "rotation": 180, "texture": "#1"},
				"east": {"uv": [7, 10, 8, 16], "rotation": 180, "texture": "#1"},
				"south": {"uv": [5, 10, 7, 16], "rotation": 180, "texture": "#1"},
				"west": {"uv": [4, 10, 5, 16], "rotation": 180, "texture": "#1"},
				"up": {"uv": [9, 8, 7, 10], "rotation": 180, "texture": "#1"},
				"down": {"uv": [7, 10, 5, 8], "rotation": 180, "texture": "#1"}
			}
		},
		{
			"name": "waist",
			"from": [3.5, -0.5, 5.5],
			"to": [12.5, 12.5, 10.5],
			"rotation": {"angle": 0, "axis": "y", "origin": [8, 6, 8]},
			"faces": {
				"north": {"uv": [5, 10, 7, 16], "texture": "#1"},
				"east": {"uv": [4, 10, 5, 16], "texture": "#1"},
				"south": {"uv": [8, 10, 10, 16], "texture": "#1"},
				"west": {"uv": [7, 10, 8, 16], "texture": "#1"},
				"up": {"uv": [7, 10, 5, 8], "texture": "#1"},
				"down": {"uv": [9, 8, 7, 10], "texture": "#1"}
			}
		},
		{
			"name": "body",
			"from": [3.25, -0.75, 5.25],
			"to": [12.75, 12.75, 10.75],
			"rotation": {"angle": 0, "axis": "y", "origin": [8, 6, 8]},
			"faces": {
				"north": {"uv": [5, 10, 7, 16], "texture": "#0"},
				"east": {"uv": [4, 10, 5, 16], "texture": "#0"},
				"south": {"uv": [8, 10, 10, 16], "texture": "#0"},
				"west": {"uv": [7, 10, 8, 16], "texture": "#0"},
				"up": {"uv": [7, 10, 5, 8], "texture": "#0"},
				"down": {"uv": [9, 8, 7, 10], "texture": "#0"}
			}
		},
		{
			"from": [3.4, 12.6, 5.4],
			"to": [5.85, -0.6, 10.6],
			"rotation": {"angle": 0, "axis": "y", "origin": [3.4, -2.6, 5.4]},
			"faces": {
				"north": {"uv": [2.75, 6.25, 3.25, 9.5], "texture": "#2"},
				"east": {"uv": [0, 0, 1.25, 3.25], "texture": "#2"},
				"south": {"uv": [3.25, 6.25, 3.75, 9.5], "texture": "#2"},
				"west": {"uv": [1.25, 0, 2.5, 3.25], "texture": "#2"},
				"up": {"uv": [6.5, 8.75, 6, 7.5], "texture": "#2"},
				"down": {"uv": [1.75, 7.75, 1.25, 9], "texture": "#2"}
			}
		},
		{
			"from": [10.15, 12.6, 5.4],
			"to": [12.6, -0.6, 10.6],
			"rotation": {"angle": 0, "axis": "y", "origin": [10.15, -2.6, 5.4]},
			"faces": {
				"north": {"uv": [0, 6.5, 0.5, 9.75], "texture": "#2"},
				"east": {"uv": [2.5, 0, 3.75, 3.25], "texture": "#2"},
				"south": {"uv": [0.5, 6.5, 1, 9.75], "texture": "#2"},
				"west": {"uv": [0, 3.25, 1.25, 6.5], "texture": "#2"},
				"up": {"uv": [2.25, 9, 1.75, 7.75], "texture": "#2"},
				"down": {"uv": [2.75, 7.75, 2.25, 9], "texture": "#2"}
			}
		},
		{
			"from": [9, 10.45, 5.4],
			"to": [10.45, -0.6, 5.6],
			"rotation": {"angle": 0, "axis": "y", "origin": [8, -2.6, 5.4]},
			"faces": {
				"north": {"uv": [4, 7.5, 4.25, 10.25], "texture": "#2"},
				"east": {"uv": [4.25, 7.5, 4.5, 10.25], "texture": "#2"},
				"south": {"uv": [4.5, 7.5, 4.75, 10.25], "texture": "#2"},
				"west": {"uv": [4.75, 7.5, 5, 10.25], "texture": "#2"},
				"up": {"uv": [8.5, 2.25, 8.25, 2], "texture": "#2"},
				"down": {"uv": [8.5, 2.25, 8.25, 2.5], "texture": "#2"}
			}
		},
		{
			"from": [5.8, 11.5, 10.4],
			"to": [10.45, -0.6, 10.6],
			"rotation": {"angle": 0, "axis": "y", "origin": [8, -2.6, 10.4]},
			"faces": {
				"north": {"uv": [1.25, 3.25, 2.5, 6.25], "texture": "#2"},
				"east": {"uv": [1, 6.5, 1.25, 9.5], "texture": "#2"},
				"south": {"uv": [2.5, 3.25, 3.75, 6.25], "texture": "#2"},
				"west": {"uv": [3.75, 7.5, 4, 10.5], "texture": "#2"},
				"up": {"uv": [9.5, 0.25, 8.25, 0], "texture": "#2"},
				"down": {"uv": [9.5, 0.25, 8.25, 0.5], "texture": "#2"}
			}
		},
		{
			"from": [5.6, 10.45, 5.4],
			"to": [7, -0.6, 5.6],
			"rotation": {"angle": 0, "axis": "y", "origin": [4.6, -2.6, 5.4]},
			"faces": {
				"north": {"uv": [5, 7.5, 5.25, 10.25], "texture": "#2"},
				"east": {"uv": [5.25, 7.5, 5.5, 10.25], "texture": "#2"},
				"south": {"uv": [5.5, 7.5, 5.75, 10.25], "texture": "#2"},
				"west": {"uv": [5.75, 7.5, 6, 10.25], "texture": "#2"},
				"up": {"uv": [8.5, 2.75, 8.25, 2.5], "texture": "#2"},
				"down": {"uv": [8.5, 2.75, 8.25, 3], "texture": "#2"}
			}
		},
		{
			"from": [7, 9.35, 5.4],
			"to": [9.05, -0.6, 5.6],
			"rotation": {"angle": 0, "axis": "y", "origin": [5.6, -2.6, 5.4]},
			"faces": {
				"north": {"uv": [6.75, 5.5, 7.25, 8], "texture": "#2"},
				"east": {"uv": [6.5, 7.5, 6.75, 10], "texture": "#2"},
				"south": {"uv": [7.25, 5.5, 7.75, 8], "texture": "#2"},
				"west": {"uv": [7.75, 5.5, 8, 8], "texture": "#2"},
				"up": {"uv": [8.75, 1.75, 8.25, 1.5], "texture": "#2"},
				"down": {"uv": [8.75, 1.75, 8.25, 2], "texture": "#2"}
			}
		},
		{
			"from": [3.2, 7.2, 5.15],
			"to": [4.55, 3.6, 10.85],
			"rotation": {"angle": 0, "axis": "y", "origin": [1.4, -1.6, 5.4]},
			"faces": {
				"north": {"uv": [7.25, 8, 7.5, 9], "texture": "#2"},
				"east": {"uv": [6.75, 1.5, 8.25, 2.5], "texture": "#2"},
				"south": {"uv": [7.5, 8, 7.75, 9], "texture": "#2"},
				"west": {"uv": [6.75, 2.5, 8.25, 3.5], "texture": "#2"},
				"up": {"uv": [8.25, 7, 8, 5.5], "texture": "#2"},
				"down": {"uv": [7, 8, 6.75, 9.5], "texture": "#2"}
			}
		},
		{
			"from": [11.5, 7.2, 5.15],
			"to": [12.85, 3.6, 10.85],
			"rotation": {"angle": 0, "axis": "y", "origin": [9.7, -1.6, 5.4]},
			"faces": {
				"north": {"uv": [7.75, 8, 8, 9], "texture": "#2"},
				"east": {"uv": [6.75, 3.5, 8.25, 4.5], "texture": "#2"},
				"south": {"uv": [8.25, 0.5, 8.5, 1.5], "texture": "#2"},
				"west": {"uv": [6.75, 4.5, 8.25, 5.5], "texture": "#2"},
				"up": {"uv": [7.25, 9.5, 7, 8], "texture": "#2"},
				"down": {"uv": [8.25, 7, 8, 8.5], "texture": "#2"}
			}
		}
	],
	"display": {
		"thirdperson_righthand": {
			"rotation": [0, 90, 0],
			"translation": [-0.75, 0, 0.25],
			"scale": [0.57813, 0.57813, 0.57813]
		},
		"thirdperson_lefthand": {
			"rotation": [0, 90, 0],
			"translation": [-0.75, 0, 0.25],
			"scale": [0.57813, 0.57813, 0.57813]
		},
		"firstperson_righthand": {
			"rotation": [137.96, 72.35, -136.58],
			"translation": [0, 6.5, 2],
			"scale": [0.54492, 0.54492, 0.54492]
		},
		"firstperson_lefthand": {
			"rotation": [137.96, 72.35, -136.58],
			"translation": [0, 5.25, 2],
			"scale": [0.41015, 0.41015, 0.41015]
		},
		"head": {
			"translation": [0, -11.75, 0],
			"scale": [1.86719, 1.86719, 1.86719]
		}
	},
	"groups": [
		{
			"name": "group",
			"origin": [0, 24, 0],
			"color": 0,
			"children": [
				{
					"name": "group",
					"origin": [8, 6, 8],
					"color": 0,
					"children": [0, 1, 2]
				},
				{
					"name": "group",
					"origin": [8, 6, 8],
					"color": 0,
					"children": [3, 4, 5]
				},
				6,
				7,
				8
			]
		},
		{
			"name": "group",
			"origin": [3.4, -2.6, 5.4],
			"color": 0,
			"children": [9, 10, 11, 12, 13, 14]
		},
		{
			"name": "group",
			"origin": [1.65, 1.8, 5.4],
			"color": 0,
			"children": [15, 16]
		}
	]
}