{
	"format_version": "1.21.6",
	"credit": "Made with Blockbench",
	"texture_size": [32, 32],
	"textures": {
		"0": "item/enchanted/held_elytra",
		"1": "item/outline/elytra",
		"particle": "item/enchanted/held_elytra"
	},
	"elements": [
		{
			"from": [6.5, 12.5, 7.1],
			"to": [9.5, 15.5, 9.1],
			"rotation": {"angle": 0, "axis": "y", "origin": [0, 0, -0.9]},
			"faces": {
				"north": {"uv": [2.125, 1.125, 2.5, 1.5], "texture": "#0"},
				"east": {"uv": [0.125, 2.5, 0.375, 2.875], "texture": "#0"},
				"south": {"uv": [2.125, 1.5, 2.5, 1.875], "texture": "#0"},
				"west": {"uv": [0.375, 2.5, 0.625, 2.875], "texture": "#0"},
				"up": {"uv": [1, 2.75, 0.625, 2.5], "texture": "#0"},
				"down": {"uv": [1.375, 2.5, 1, 2.75], "texture": "#0"}
			}
		},
		{
			"from": [3.5, 8.3, 5.6],
			"to": [12.5, 13.3, 6.6],
			"rotation": {"angle": 7.5, "axis": "x", "origin": [4.75, 8.75, 6.6]},
			"faces": {
				"north": {"uv": [0.125, 4.25, 1.25, 4.875], "texture": "#0"},
				"east": {"uv": [0.125, 5.625, 0.25, 6.25], "texture": "#0"},
				"south": {"uv": [0.125, 4.25, 1.25, 4.875], "texture": "#0"},
				"west": {"uv": [0.25, 5.625, 0.375, 6.25], "texture": "#0"},
				"up": {"uv": [2.375, 4.875, 1.25, 4.75], "texture": "#0"},
				"down": {"uv": [2.375, 4.875, 1.25, 5], "texture": "#0"}
			}
		},
		{
			"from": [4.5, 13.3, 5.6],
			"to": [11.5, 14.3, 6.6],
			"rotation": {"angle": 7.5, "axis": "x", "origin": [4.75, 8.75, 6.6]},
			"faces": {
				"north": {"uv": [1.25, 5.25, 2.125, 5.375], "texture": "#0"},
				"east": {"uv": [0.875, 5.75, 1, 5.875], "texture": "#0"},
				"south": {"uv": [1.25, 5.25, 2.125, 5.375], "texture": "#0"},
				"west": {"uv": [1, 5.75, 1.125, 5.875], "texture": "#0"},
				"up": {"uv": [1, 5.625, 0.125, 5.5], "texture": "#0"},
				"down": {"uv": [1.875, 5.5, 1, 5.625], "texture": "#0"}
			}
		},
		{
			"from": [4.5, 6.3, 5.6],
			"to": [11.5, 8.3, 6.6],
			"rotation": {"angle": 7.5, "axis": "x", "origin": [4.75, 8.75, 6.6]},
			"faces": {
				"north": {"uv": [1.25, 4.25, 2.125, 4.5], "texture": "#0"},
				"east": {"uv": [0.375, 5.75, 0.5, 6], "texture": "#0"},
				"south": {"uv": [1.25, 4.25, 2.125, 4.5], "texture": "#0"},
				"west": {"uv": [0.5, 5.75, 0.625, 6], "texture": "#0"},
				"up": {"uv": [2.125, 5.125, 1.25, 5], "texture": "#0"},
				"down": {"uv": [2.125, 5.125, 1.25, 5.25], "texture": "#0"}
			}
		},
		{
			"from": [6.5, 5.3, 5.6],
			"to": [9.5, 6.3, 6.6],
			"rotation": {"angle": 7.5, "axis": "x", "origin": [4.75, 8.75, 6.6]},
			"faces": {
				"north": {"uv": [0.375, 5.625, 0.75, 5.75], "texture": "#0"},
				"east": {"uv": [0.625, 5.75, 0.75, 5.875], "texture": "#0"},
				"south": {"uv": [0.375, 5.625, 0.75, 5.75], "texture": "#0"},
				"west": {"uv": [0.75, 5.75, 0.875, 5.875], "texture": "#0"},
				"up": {"uv": [1.5, 5.75, 1.125, 5.625], "texture": "#0"},
				"down": {"uv": [1.875, 5.625, 1.5, 5.75], "texture": "#0"}
			}
		},
		{
			"from": [3.98468, -1.57002, 7.6],
			"to": [6.98468, 0.42998, 8.6],
			"rotation": {"angle": -15, "axis": "z", "origin": [8, 13.95, 8.1]},
			"faces": {
				"north": {"uv": [2, 2.375, 2.375, 2.625], "texture": "#0"},
				"east": {"uv": [1.375, 2.75, 1.5, 3], "texture": "#0"},
				"south": {"uv": [2.375, 2.375, 2.75, 2.625], "texture": "#0"},
				"west": {"uv": [1.5, 2.75, 1.625, 3], "texture": "#0"},
				"up": {"uv": [3.125, 0.5, 2.75, 0.375], "texture": "#0"},
				"down": {"uv": [3.125, 0.5, 2.75, 0.625], "texture": "#0"}
			}
		},
		{
			"from": [2.98468, 0.42998, 7.6],
			"to": [6.98468, 2.42998, 8.6],
			"rotation": {"angle": -15, "axis": "z", "origin": [8, 13.95, 8.1]},
			"faces": {
				"north": {"uv": [2.25, 0.125, 2.75, 0.375], "texture": "#0"},
				"east": {"uv": [1.625, 2.75, 1.75, 3], "texture": "#0"},
				"south": {"uv": [2.75, 0.125, 2.25, 0.375], "texture": "#0"},
				"west": {"uv": [1.75, 2.75, 1.875, 3], "texture": "#0"},
				"up": {"uv": [2.375, 2.75, 1.875, 2.625], "texture": "#0"},
				"down": {"uv": [3.125, 1.875, 2.625, 2], "texture": "#0"}
			}
		},
		{
			"from": [1.98468, 2.42998, 7.6],
			"to": [7.98468, 11.42998, 8.6],
			"rotation": {"angle": -15, "axis": "z", "origin": [8, 13.95, 8.1]},
			"faces": {
				"north": {"uv": [0.125, 0.125, 0.875, 1.25], "texture": "#0"},
				"east": {"uv": [1.625, 1.125, 1.75, 2.25], "texture": "#0"},
				"south": {"uv": [0.875, 0.125, 0.125, 1.25], "texture": "#0"},
				"west": {"uv": [1.75, 1.125, 1.875, 2.25], "texture": "#0"},
				"up": {"uv": [3, 0.75, 2.25, 0.625], "texture": "#0"},
				"down": {"uv": [3, 0.75, 2.25, 0.875], "texture": "#0"}
			}
		},
		{
			"from": [2.98468, 11.42998, 7.6],
			"to": [7.98468, 13.42998, 8.6],
			"rotation": {"angle": -15, "axis": "z", "origin": [8, 13.95, 8.1]},
			"faces": {
				"north": {"uv": [1.625, 0.625, 2.25, 0.875], "texture": "#0"},
				"east": {"uv": [1.875, 2.75, 2, 3], "texture": "#0"},
				"south": {"uv": [2.25, 0.625, 1.625, 0.875], "texture": "#0"},
				"west": {"uv": [2, 2.75, 2.125, 3], "texture": "#0"},
				"up": {"uv": [2, 2.625, 1.375, 2.5], "texture": "#0"},
				"down": {"uv": [3.125, 1.375, 2.5, 1.5], "texture": "#0"}
			}
		},
		{
			"from": [3.98468, 13.42998, 7.6],
			"to": [7.98468, 14.42998, 8.6],
			"rotation": {"angle": -15, "axis": "z", "origin": [8, 13.95, 8.1]},
			"faces": {
				"north": {"uv": [2.625, 2, 3.125, 2.125], "texture": "#0"},
				"east": {"uv": [2.25, 2.75, 2.375, 2.875], "texture": "#0"},
				"south": {"uv": [2.625, 2.125, 3.125, 2.25], "texture": "#0"},
				"west": {"uv": [2.375, 2.75, 2.5, 2.875], "texture": "#0"},
				"up": {"uv": [3.125, 2.375, 2.625, 2.25], "texture": "#0"},
				"down": {"uv": [2.875, 2.625, 2.375, 2.75], "texture": "#0"}
			}
		},
		{
			"from": [8.99795, -1.5685, 7.6],
			"to": [11.99795, 0.4315, 8.6],
			"rotation": {"angle": 15, "axis": "z", "origin": [8, 14.05, 8.1]},
			"faces": {
				"north": {"uv": [2.25, 0.875, 2.625, 1.125], "texture": "#0"},
				"east": {"uv": [0.625, 2.75, 0.75, 3], "texture": "#0"},
				"south": {"uv": [1.625, 2.25, 2, 2.5], "texture": "#0"},
				"west": {"uv": [0.75, 2.75, 0.875, 3], "texture": "#0"},
				"up": {"uv": [3.125, 0.25, 2.75, 0.125], "texture": "#0"},
				"down": {"uv": [3.125, 0.25, 2.75, 0.375], "texture": "#0"}
			}
		},
		{
			"from": [8.99795, 0.4315, 7.6],
			"to": [12.99795, 2.4315, 8.6],
			"rotation": {"angle": 15, "axis": "z", "origin": [8, 14.05, 8.1]},
			"faces": {
				"north": {"uv": [2.125, 1.875, 2.625, 2.125], "texture": "#0"},
				"east": {"uv": [0.875, 2.75, 1, 3], "texture": "#0"},
				"south": {"uv": [2.625, 1.875, 2.125, 2.125], "texture": "#0"},
				"west": {"uv": [1, 2.75, 1.125, 3], "texture": "#0"},
				"up": {"uv": [3, 1.625, 2.5, 1.5], "texture": "#0"},
				"down": {"uv": [3, 1.625, 2.5, 1.75], "texture": "#0"}
			}
		},
		{
			"from": [7.99795, 2.4315, 7.6],
			"to": [13.99795, 11.4315, 8.6],
			"rotation": {"angle": 15, "axis": "z", "origin": [8, 14.05, 8.1]},
			"faces": {
				"north": {"uv": [0.125, 1.25, 0.875, 2.375], "texture": "#0"},
				"east": {"uv": [1.875, 1.125, 2, 2.25], "texture": "#0"},
				"south": {"uv": [0.875, 1.25, 0.125, 2.375], "texture": "#0"},
				"west": {"uv": [2, 1.125, 2.125, 2.25], "texture": "#0"},
				"up": {"uv": [0.875, 2.5, 0.125, 2.375], "texture": "#0"},
				"down": {"uv": [1.625, 2.375, 0.875, 2.5], "texture": "#0"}
			}
		},
		{
			"from": [7.99795, 11.4315, 7.6],
			"to": [12.99795, 13.4315, 8.6],
			"rotation": {"angle": 15, "axis": "z", "origin": [8, 14.05, 8.1]},
			"faces": {
				"north": {"uv": [1.625, 0.125, 2.25, 0.375], "texture": "#0"},
				"east": {"uv": [1.125, 2.75, 1.25, 3], "texture": "#0"},
				"south": {"uv": [1.625, 0.625, 2.25, 0.875], "texture": "#0"},
				"west": {"uv": [1.25, 2.75, 1.375, 3], "texture": "#0"},
				"up": {"uv": [3.125, 1.25, 2.5, 1.125], "texture": "#0"},
				"down": {"uv": [3.125, 1.25, 2.5, 1.375], "texture": "#0"}
			}
		},
		{
			"from": [7.99795, 13.4315, 7.6],
			"to": [11.99795, 14.4315, 8.6],
			"rotation": {"angle": 15, "axis": "z", "origin": [8, 14.05, 8.1]},
			"faces": {
				"north": {"uv": [2.5, 1.75, 3, 1.875], "texture": "#0"},
				"east": {"uv": [2, 2.25, 2.125, 2.375], "texture": "#0"},
				"south": {"uv": [2.625, 0.875, 3.125, 1], "texture": "#0"},
				"west": {"uv": [2.125, 2.75, 2.25, 2.875], "texture": "#0"},
				"up": {"uv": [3.125, 1.125, 2.625, 1], "texture": "#0"},
				"down": {"uv": [1.875, 2.625, 1.375, 2.75], "texture": "#0"}
			}
		},
		{
			"name": "cube_outline",
			"from": [9.6, 15.6, 9.2],
			"to": [6.4, 12.4, 7],
			"rotation": {"angle": 0, "axis": "y", "origin": [0, 0, -0.9]},
			"faces": {
				"north": {"uv": [0, 9, 1.5, 10.5], "texture": "#1"},
				"east": {"uv": [0, 10.5, 1, 12], "texture": "#1"},
				"south": {"uv": [1.5, 9, 3, 10.5], "texture": "#1"},
				"west": {"uv": [1, 10.5, 2, 12], "texture": "#1"},
				"up": {"uv": [12, 3, 10.5, 2], "texture": "#1"},
				"down": {"uv": [12, 3, 10.5, 4], "texture": "#1"}
			}
		},
		{
			"name": "cube_outline",
			"from": [12.6, 13.4, 6.7],
			"to": [3.4, 8.2, 5.5],
			"rotation": {"angle": 7.5, "axis": "x", "origin": [4.75, 8.75, 6.6]},
			"faces": {
				"north": {"uv": [6, 0, 10.5, 2.5], "texture": "#1"},
				"east": {"uv": [2, 10.5, 2.5, 13], "texture": "#1"},
				"south": {"uv": [6, 2.5, 10.5, 5], "texture": "#1"},
				"west": {"uv": [2.5, 10.5, 3, 13], "texture": "#1"},
				"up": {"uv": [7.5, 9.5, 3, 9], "texture": "#1"},
				"down": {"uv": [12, 9, 7.5, 9.5], "texture": "#1"}
			}
		},
		{
			"name": "cube_outline",
			"from": [11.6, 14.4, 6.7],
			"to": [4.4, 13.2, 5.5],
			"rotation": {"angle": 7.5, "axis": "x", "origin": [4.75, 8.75, 6.6]},
			"faces": {
				"north": {"uv": [9, 9.5, 12.5, 10], "texture": "#1"},
				"east": {"uv": [10.5, 12.5, 11, 13], "texture": "#1"},
				"south": {"uv": [9, 10, 12.5, 10.5], "texture": "#1"},
				"west": {"uv": [12.5, 10.5, 13, 11], "texture": "#1"},
				"up": {"uv": [14, 0.5, 10.5, 0], "texture": "#1"},
				"down": {"uv": [14, 0.5, 10.5, 1], "texture": "#1"}
			}
		},
		{
			"name": "cube_outline",
			"from": [11.6, 8.4, 6.7],
			"to": [4.4, 6.2, 5.5],
			"rotation": {"angle": 7.5, "axis": "x", "origin": [4.75, 8.75, 6.6]},
			"faces": {
				"north": {"uv": [6, 5, 9.5, 6], "texture": "#1"},
				"east": {"uv": [1.5, 12.5, 2, 13.5], "texture": "#1"},
				"south": {"uv": [6, 6, 9.5, 7], "texture": "#1"},
				"west": {"uv": [5, 12.5, 5.5, 13.5], "texture": "#1"},
				"up": {"uv": [14, 1.5, 10.5, 1], "texture": "#1"},
				"down": {"uv": [14, 1.5, 10.5, 2], "texture": "#1"}
			}
		},
		{
			"name": "cube_outline",
			"from": [9.6, 6.4, 6.7],
			"to": [6.4, 5.2, 5.5],
			"rotation": {"angle": 7.5, "axis": "x", "origin": [4.75, 8.75, 6.6]},
			"faces": {
				"north": {"uv": [5, 11.5, 6.5, 12], "texture": "#1"},
				"east": {"uv": [11, 12.5, 11.5, 13], "texture": "#1"},
				"south": {"uv": [7, 12, 8.5, 12.5], "texture": "#1"},
				"west": {"uv": [11.5, 12.5, 12, 13], "texture": "#1"},
				"up": {"uv": [10, 12.5, 8.5, 12], "texture": "#1"},
				"down": {"uv": [13.5, 9, 12, 9.5], "texture": "#1"}
			}
		},
		{
			"name": "cube_outline",
			"from": [7.08468, 0.52998, 8.7],
			"to": [3.88468, -1.67002, 7.5],
			"rotation": {"angle": -15, "axis": "z", "origin": [8, 13.95, 8.1]},
			"faces": {
				"north": {"uv": [10.5, 4, 12, 5], "texture": "#1"},
				"east": {"uv": [5.5, 12.5, 6, 13.5], "texture": "#1"},
				"south": {"uv": [5, 10.5, 6.5, 11.5], "texture": "#1"},
				"west": {"uv": [6, 12.5, 6.5, 13.5], "texture": "#1"},
				"up": {"uv": [11.5, 12.5, 10, 12], "texture": "#1"},
				"down": {"uv": [13, 12, 11.5, 12.5], "texture": "#1"}
			}
		},
		{
			"name": "cube_outline",
			"from": [7.08468, 2.52998, 8.7],
			"to": [2.88468, 0.32998, 7.5],
			"rotation": {"angle": -15, "axis": "z", "origin": [8, 13.95, 8.1]},
			"faces": {
				"north": {"uv": [5, 9.5, 7, 10.5], "texture": "#1"},
				"east": {"uv": [6.5, 12.5, 7, 13.5], "texture": "#1"},
				"south": {"uv": [9.5, 5, 11.5, 6], "texture": "#1"},
				"west": {"uv": [7, 12.5, 7.5, 13.5], "texture": "#1"},
				"up": {"uv": [13.5, 6.5, 11.5, 6], "texture": "#1"},
				"down": {"uv": [13.5, 6.5, 11.5, 7], "texture": "#1"}
			}
		},
		{
			"name": "cube_outline",
			"from": [8.08468, 11.52998, 8.7],
			"to": [1.88468, 2.32998, 7.5],
			"rotation": {"angle": -15, "axis": "z", "origin": [8, 13.95, 8.1]},
			"faces": {
				"north": {"uv": [0, 0, 3, 4.5], "texture": "#1"},
				"east": {"uv": [3, 9.5, 3.5, 14], "texture": "#1"},
				"south": {"uv": [3, 0, 6, 4.5], "texture": "#1"},
				"west": {"uv": [3.5, 9.5, 4, 14], "texture": "#1"},
				"up": {"uv": [9.5, 11, 6.5, 10.5], "texture": "#1"},
				"down": {"uv": [12.5, 10.5, 9.5, 11], "texture": "#1"}
			}
		},
		{
			"name": "cube_outline",
			"from": [8.08468, 13.52998, 8.7],
			"to": [2.88468, 11.32998, 7.5],
			"rotation": {"angle": -15, "axis": "z", "origin": [8, 13.95, 8.1]},
			"faces": {
				"north": {"uv": [6, 7, 8.5, 8], "texture": "#1"},
				"east": {"uv": [12.5, 7, 13, 8], "texture": "#1"},
				"south": {"uv": [6, 8, 8.5, 9], "texture": "#1"},
				"west": {"uv": [7.5, 12.5, 8, 13.5], "texture": "#1"},
				"up": {"uv": [13.5, 9, 11, 8.5], "texture": "#1"},
				"down": {"uv": [13.5, 11, 11, 11.5], "texture": "#1"}
			}
		},
		{
			"name": "cube_outline",
			"from": [8.08468, 14.52998, 8.7],
			"to": [3.88468, 13.32998, 7.5],
			"rotation": {"angle": -15, "axis": "z", "origin": [8, 13.95, 8.1]},
			"faces": {
				"north": {"uv": [8, 11.5, 10, 12], "texture": "#1"},
				"east": {"uv": [12, 12.5, 12.5, 13], "texture": "#1"},
				"south": {"uv": [10, 11.5, 12, 12], "texture": "#1"},
				"west": {"uv": [12.5, 12.5, 13, 13], "texture": "#1"},
				"up": {"uv": [2, 12.5, 0, 12], "texture": "#1"},
				"down": {"uv": [14, 2, 12, 2.5], "texture": "#1"}
			}
		},
		{
			"name": "cube_outline",
			"from": [12.09795, 0.5315, 8.7],
			"to": [8.89795, -1.6685, 7.5],
			"rotation": {"angle": 15, "axis": "z", "origin": [8, 14.05, 8.1]},
			"faces": {
				"north": {"uv": [6.5, 11, 8, 12], "texture": "#1"},
				"east": {"uv": [8, 12.5, 8.5, 13.5], "texture": "#1"},
				"south": {"uv": [11, 7, 12.5, 8], "texture": "#1"},
				"west": {"uv": [8.5, 12.5, 9, 13.5], "texture": "#1"},
				"up": {"uv": [13.5, 12, 12, 11.5], "texture": "#1"},
				"down": {"uv": [1.5, 12.5, 0, 13], "texture": "#1"}
			}
		},
		{
			"name": "cube_outline",
			"from": [13.09795, 2.5315, 8.7],
			"to": [8.89795, 0.3315, 7.5],
			"rotation": {"angle": 15, "axis": "z", "origin": [8, 14.05, 8.1]},
			"faces": {
				"north": {"uv": [9.5, 6, 11.5, 7], "texture": "#1"},
				"east": {"uv": [9, 12.5, 9.5, 13.5], "texture": "#1"},
				"south": {"uv": [7, 9.5, 9, 10.5], "texture": "#1"},
				"west": {"uv": [9.5, 12.5, 10, 13.5], "texture": "#1"},
				"up": {"uv": [14, 3, 12, 2.5], "texture": "#1"},
				"down": {"uv": [14, 3, 12, 3.5], "texture": "#1"}
			}
		},
		{
			"name": "cube_outline",
			"from": [14.09795, 11.5315, 8.7],
			"to": [7.89795, 2.3315, 7.5],
			"rotation": {"angle": 15, "axis": "z", "origin": [8, 14.05, 8.1]},
			"faces": {
				"north": {"uv": [0, 4.5, 3, 9], "texture": "#1"},
				"east": {"uv": [4, 9.5, 4.5, 14], "texture": "#1"},
				"south": {"uv": [3, 4.5, 6, 9], "texture": "#1"},
				"west": {"uv": [4.5, 9.5, 5, 14], "texture": "#1"},
				"up": {"uv": [11, 11.5, 8, 11], "texture": "#1"},
				"down": {"uv": [14, 8, 11, 8.5], "texture": "#1"}
			}
		},
		{
			"name": "cube_outline",
			"from": [13.09795, 13.5315, 8.7],
			"to": [7.89795, 11.3315, 7.5],
			"rotation": {"angle": 15, "axis": "z", "origin": [8, 14.05, 8.1]},
			"faces": {
				"north": {"uv": [8.5, 7, 11, 8], "texture": "#1"},
				"east": {"uv": [12.5, 9.5, 13, 10.5], "texture": "#1"},
				"south": {"uv": [8.5, 8, 11, 9], "texture": "#1"},
				"west": {"uv": [10, 12.5, 10.5, 13.5], "texture": "#1"},
				"up": {"uv": [14, 5.5, 11.5, 5], "texture": "#1"},
				"down": {"uv": [14, 5.5, 11.5, 6], "texture": "#1"}
			}
		},
		{
			"name": "cube_outline",
			"from": [12.09795, 14.5315, 8.7],
			"to": [7.89795, 13.3315, 7.5],
			"rotation": {"angle": 15, "axis": "z", "origin": [8, 14.05, 8.1]},
			"faces": {
				"north": {"uv": [12, 3.5, 14, 4], "texture": "#1"},
				"east": {"uv": [0, 13, 0.5, 13.5], "texture": "#1"},
				"south": {"uv": [12, 4, 14, 4.5], "texture": "#1"},
				"west": {"uv": [0.5, 13, 1, 13.5], "texture": "#1"},
				"up": {"uv": [14, 5, 12, 4.5], "texture": "#1"},
				"down": {"uv": [7, 12, 5, 12.5], "texture": "#1"}
			}
		}
	],
	"display": {
		"thirdperson_righthand": {
			"rotation": [70, -180, 0],
			"translation": [0, -2.5, -4],
			"scale": [0.68555, 0.68555, 0.68555]
		},
		"thirdperson_lefthand": {
			"rotation": [70, -180, 0],
			"translation": [0, -2.5, -4],
			"scale": [0.68555, 0.68555, 0.68555]
		},
		"firstperson_righthand": {
			"rotation": [137.96, 72.35, -136.58],
			"translation": [0, 5, 2],
			"scale": [0.38476, 0.38476, 0.38476]
		},
		"firstperson_lefthand": {
			"rotation": [137.96, 72.35, -136.58],
			"translation": [0, 5, 2],
			"scale": [0.38476, 0.38476, 0.38476]
		}
	},
	"groups": [
		{
			"name": "group",
			"origin": [3.5, 12, 7.5],
			"color": 0,
			"children": [
				0,
				{
					"name": "group",
					"origin": [3.5, 12, 7.5],
					"color": 0,
					"children": [1, 2, 3, 4]
				},
				{
					"name": "right wing",
					"origin": [5, 5.75, 9],
					"color": 0,
					"children": [5, 6, 7, 8, 9]
				},
				{
					"name": "left wing",
					"origin": [11, 5.75, 9],
					"color": 0,
					"children": [10, 11, 12, 13, 14]
				}
			]
		},
		15,
		16,
		17,
		18,
		19,
		20,
		21,
		22,
		23,
		24,
		25,
		26,
		27,
		28,
		29
	]
}