{
	"format_version": "1.21.6",
	"credit": "Made with Blockbench",
	"texture_size": [64, 64],
	"textures": {
		"0": "entity/equipment/humanoid/e_diamond",
		"1": "entity/equipment/humanoid/helmet_outline",
		"particle": "entity/equipment/humanoid/e_diamond"
	},
	"elements": [
		{
			"from": [4, 0, 3],
			"to": [5, 5, 4],
			"rotation": {"angle": 0, "axis": "y", "origin": [4, 0, 3]},
			"faces": {
				"north": {"uv": [3.75, 5.5, 4, 8], "texture": "#0"},
				"east": {"uv": [3.75, 5.5, 4, 8], "texture": "#0"},
				"south": {"uv": [4, 5.5, 4.25, 8], "texture": "#0"},
				"west": {"uv": [4, 5.5, 4.25, 8], "texture": "#0"},
				"up": {"uv": [7.75, 9.5, 7.5, 9], "texture": "#0"},
				"down": {"uv": [7.75, 9.5, 7.5, 10], "texture": "#0"}
			}
		},
		{
			"from": [5, 0, 3],
			"to": [6, 2, 4],
			"rotation": {"angle": 0, "axis": "y", "origin": [5, 0, 3]},
			"faces": {
				"north": {"uv": [3.5, 7, 3.75, 8], "texture": "#0"},
				"east": {"uv": [3.5, 7, 3.75, 8], "texture": "#0"},
				"south": {"uv": [2.25, 7, 2.5, 8], "texture": "#0"},
				"west": {"uv": [3.25, 15, 3.5, 16], "texture": "#0"},
				"up": {"uv": [3.75, 7.5, 3.5, 7], "texture": "#0"},
				"down": {"uv": [3.75, 7.5, 3.5, 8], "texture": "#0"}
			}
		},
		{
			"from": [10, 0, 3],
			"to": [11, 2, 4],
			"rotation": {"angle": 0, "axis": "y", "origin": [11, 0, 3]},
			"faces": {
				"north": {"uv": [2.25, 7, 2.5, 8], "texture": "#0"},
				"east": {"uv": [7.5, 7, 7.75, 8], "texture": "#0"},
				"south": {"uv": [2.25, 7, 2.5, 8], "texture": "#0"},
				"west": {"uv": [2.25, 7, 2.5, 8], "texture": "#0"},
				"up": {"uv": [7.75, 13, 7.5, 12.5], "texture": "#0"},
				"down": {"uv": [3.75, 7.5, 3.5, 8], "texture": "#0"}
			}
		},
		{
			"from": [4, 5, 3],
			"to": [12, 8, 4],
			"rotation": {"angle": 0, "axis": "y", "origin": [4, 5, 3]},
			"faces": {
				"north": {"uv": [2, 4, 4, 5.5], "texture": "#0"},
				"east": {"uv": [2, 4, 2.25, 5.5], "texture": "#0"},
				"south": {"uv": [2, 4, 4, 5.5], "texture": "#0"},
				"west": {"uv": [4, 4, 4.25, 5.5], "texture": "#0"},
				"up": {"uv": [4, 4, 2, 3.5], "texture": "#0"},
				"down": {"uv": [4, 5, 2, 5.5], "texture": "#0"}
			}
		},
		{
			"from": [11, 0, 3],
			"to": [12, 5, 4],
			"rotation": {"angle": 0, "axis": "y", "origin": [12, 0, 3]},
			"faces": {
				"north": {"uv": [2, 5.5, 2.25, 8], "texture": "#0"},
				"east": {"uv": [4, 5.5, 4.25, 8], "texture": "#0"},
				"south": {"uv": [3.75, 5.5, 4, 8], "texture": "#0"},
				"west": {"uv": [2, 5.5, 2.25, 8], "texture": "#0"},
				"up": {"uv": [7.75, 14, 7.5, 13.5], "texture": "#0"},
				"down": {"uv": [3.75, 7.5, 3.5, 8], "texture": "#0"}
			}
		},
		{
			"from": [7, 3, 3],
			"to": [9, 5, 4],
			"rotation": {"angle": 0, "axis": "y", "origin": [4, 4, 3]},
			"faces": {
				"north": {"uv": [2.75, 5.5, 3.25, 6.5], "texture": "#0"},
				"east": {"uv": [2, 15, 2.25, 16], "texture": "#0"},
				"south": {"uv": [2.75, 5.5, 3.25, 6.5], "texture": "#0"},
				"west": {"uv": [2.25, 15, 2.5, 16], "texture": "#0"},
				"up": {"uv": [8, 5, 7.5, 4.5], "texture": "#0"},
				"down": {"uv": [3, 15, 2.5, 15.5], "texture": "#0"}
			}
		},
		{
			"from": [4, 7, 4],
			"to": [12, 8, 10],
			"rotation": {"angle": 0, "axis": "y", "origin": [4, 5, 4]},
			"faces": {
				"north": {"uv": [7, 1.5, 9, 2], "texture": "#0"},
				"east": {"uv": [0.25, 4, 1.75, 4.5], "texture": "#0"},
				"south": {"uv": [7, 2, 9, 2.5], "texture": "#0"},
				"west": {"uv": [4.25, 4, 5.75, 4.5], "texture": "#0"},
				"up": {"uv": [4, 3.5, 2, 0.5], "texture": "#0"},
				"down": {"uv": [4, 1, 2, 4], "texture": "#0"}
			}
		},
		{
			"from": [4, 0, 10],
			"to": [12, 8, 11],
			"rotation": {"angle": 0, "axis": "y", "origin": [4, 5, 10]},
			"faces": {
				"north": {"uv": [6, 4, 8, 8], "texture": "#0"},
				"east": {"uv": [0, 4, 0.25, 8], "texture": "#0"},
				"south": {"uv": [6, 4, 8, 8], "texture": "#0"},
				"west": {"uv": [5.75, 4, 6, 8], "texture": "#0"},
				"up": {"uv": [4, 0.5, 2, 0], "texture": "#0"},
				"down": {"uv": [8, 7.5, 6, 8], "texture": "#0"}
			}
		},
		{
			"from": [4, 0, 8],
			"to": [5, 7, 10],
			"rotation": {"angle": 0, "axis": "y", "origin": [4, 5, 9]},
			"faces": {
				"north": {"uv": [0.25, 14.5, 0.5, 18], "texture": "#0"},
				"east": {"uv": [6.75, 4.5, 7.25, 8], "texture": "#0"},
				"south": {"uv": [0.5, 14.5, 0.75, 18], "texture": "#0"},
				"west": {"uv": [5.25, 4.5, 5.75, 8], "texture": "#0"},
				"up": {"uv": [7.5, 15, 7.25, 14], "texture": "#0"},
				"down": {"uv": [7, 4.5, 6.75, 5.5], "texture": "#0"}
			}
		},
		{
			"from": [11, 1, 4],
			"to": [12, 7, 8],
			"rotation": {"angle": 0, "axis": "y", "origin": [12, 5, 7]},
			"faces": {
				"north": {"uv": [1.25, 14.5, 1.5, 17.5], "texture": "#0"},
				"east": {"uv": [0.75, 4.5, 1.75, 7.5], "texture": "#0"},
				"south": {"uv": [1.5, 14.5, 1.75, 17.5], "texture": "#0"},
				"west": {"uv": [4.25, 4.5, 5.25, 7.5], "texture": "#0"},
				"up": {"uv": [6.25, 16.5, 6, 14.5], "texture": "#0"},
				"down": {"uv": [0.75, 7.5, 1.75, 7], "rotation": 90, "texture": "#0"}
			}
		},
		{
			"from": [4, 1, 4],
			"to": [5, 7, 8],
			"rotation": {"angle": 0, "axis": "y", "origin": [4, 5, 7]},
			"faces": {
				"north": {"uv": [0.75, 14.5, 1, 17.5], "texture": "#0"},
				"east": {"uv": [0.75, 4.5, 1.75, 7.5], "texture": "#0"},
				"south": {"uv": [1, 14.5, 1.25, 17.5], "texture": "#0"},
				"west": {"uv": [4.25, 4.5, 5.25, 7.5], "texture": "#0"},
				"up": {"uv": [7.5, 10.5, 7.25, 8.5], "texture": "#0"},
				"down": {"uv": [4.25, 7.5, 5.25, 7], "rotation": 270, "texture": "#0"}
			}
		},
		{
			"from": [11, 0, 8],
			"to": [12, 7, 10],
			"rotation": {"angle": 0, "axis": "y", "origin": [12, 5, 9]},
			"faces": {
				"north": {"uv": [6, 4.5, 6.25, 8], "texture": "#0"},
				"east": {"uv": [0.25, 4.5, 0.75, 8], "texture": "#0"},
				"south": {"uv": [0, 14.5, 0.25, 18], "texture": "#0"},
				"west": {"uv": [5.75, 4.5, 6.25, 8], "texture": "#0"},
				"up": {"uv": [7, 15.5, 6.75, 14.5], "texture": "#0"},
				"down": {"uv": [7, 7, 6.75, 8], "texture": "#0"}
			}
		},
		{
			"from": [3.7, -0.3, 2.7],
			"to": [12.3, 8.3, 11.3],
			"rotation": {"angle": 0, "axis": "y", "origin": [4, 5, 3]},
			"faces": {
				"north": {"uv": [10, 4, 12, 8], "texture": "#0"},
				"east": {"uv": [8, 4, 10, 8], "texture": "#0"},
				"south": {"uv": [14, 4, 16, 8], "texture": "#0"},
				"west": {"uv": [12, 4, 14, 8], "texture": "#0"},
				"up": {"uv": [12, 4.5, 10, 0.5], "texture": "#0"},
				"down": {"uv": [6, 0, 4, 4], "texture": "#0"}
			}
		},
		{
			"name": "cube_outline",
			"from": [12.1, 7.1, 10.1],
			"to": [10.9, -0.1, 7.9],
			"rotation": {"angle": 0, "axis": "y", "origin": [12, 5, 9]},
			"faces": {
				"north": {"uv": [6, 7.25, 6.25, 9], "texture": "#1"},
				"east": {"uv": [4.75, 6.5, 5.25, 8.25], "texture": "#1"},
				"south": {"uv": [6.25, 7.25, 6.5, 9], "texture": "#1"},
				"west": {"uv": [5.25, 6.5, 5.75, 8.25], "texture": "#1"},
				"up": {"uv": [8.75, 0.5, 8.5, 0], "texture": "#1"},
				"down": {"uv": [8.75, 0.5, 8.5, 1], "texture": "#1"}
			}
		},
		{
			"name": "cube_outline",
			"from": [5.1, 5.1, 4.1],
			"to": [3.9, -0.1, 2.9],
			"rotation": {"angle": 0, "axis": "y", "origin": [4, 0, 3]},
			"faces": {
				"north": {"uv": [1, 8, 1.25, 9.25], "texture": "#1"},
				"east": {"uv": [1.25, 8, 1.5, 9.25], "texture": "#1"},
				"south": {"uv": [1.5, 8, 1.75, 9.25], "texture": "#1"},
				"west": {"uv": [1.75, 8, 2, 9.25], "texture": "#1"},
				"up": {"uv": [8.5, 1.5, 8.25, 1.25], "texture": "#1"},
				"down": {"uv": [4, 8.75, 3.75, 9], "texture": "#1"}
			}
		},
		{
			"name": "cube_outline",
			"from": [6.1, 2.1, 4.1],
			"to": [4.9, -0.1, 2.9],
			"rotation": {"angle": 0, "axis": "y", "origin": [5, 0, 3]},
			"faces": {
				"north": {"uv": [8.5, 1, 8.75, 1.5], "texture": "#1"},
				"east": {"uv": [2, 8.5, 2.25, 9], "texture": "#1"},
				"south": {"uv": [2.25, 8.5, 2.5, 9], "texture": "#1"},
				"west": {"uv": [2.5, 8.5, 2.75, 9], "texture": "#1"},
				"up": {"uv": [9, 4.75, 8.75, 4.5], "texture": "#1"},
				"down": {"uv": [9, 4.75, 8.75, 5], "texture": "#1"}
			}
		},
		{
			"name": "cube_outline",
			"from": [5.95, 0.8, 3.8],
			"to": [4.8, -0.4, 2.6],
			"rotation": {"angle": 0, "axis": "y", "origin": [4.85, -1.3, 2.7]},
			"faces": {
				"north": {"uv": [8.75, 5, 9, 5.25], "texture": "#1"},
				"east": {"uv": [8.75, 5.25, 9, 5.5], "texture": "#1"},
				"south": {"uv": [7, 8.75, 7.25, 9], "texture": "#1"},
				"west": {"uv": [7.25, 8.75, 7.5, 9], "texture": "#1"},
				"up": {"uv": [7.75, 9, 7.5, 8.75], "texture": "#1"},
				"down": {"uv": [9, 7.5, 8.75, 7.75], "texture": "#1"}
			}
		},
		{
			"name": "cube_outline",
			"from": [11.25, 0.8, 3.8],
			"to": [10.1, -0.4, 2.6],
			"rotation": {"angle": 0, "axis": "y", "origin": [10.15, -1.3, 2.7]},
			"faces": {
				"north": {"uv": [8.75, 7.75, 9, 8], "texture": "#1"},
				"east": {"uv": [8.75, 8, 9, 8.25], "texture": "#1"},
				"south": {"uv": [8.75, 8.25, 9, 8.5], "texture": "#1"},
				"west": {"uv": [8.75, 8.5, 9, 8.75], "texture": "#1"},
				"up": {"uv": [9, 9, 8.75, 8.75], "texture": "#1"},
				"down": {"uv": [0.25, 9, 0, 9.25], "texture": "#1"}
			}
		},
		{
			"name": "cube_outline",
			"from": [12.4, 3, 3.9],
			"to": [11.2, -0.4, 2.6],
			"rotation": {"angle": 0, "axis": "y", "origin": [11.3, 0.9, 2.8]},
			"faces": {
				"north": {"uv": [8.25, 7.25, 8.5, 8.125], "texture": "#1"},
				"east": {"uv": [7.75, 0, 8.125, 0.875], "texture": "#1"},
				"south": {"uv": [7.75, 8.25, 8, 9.125], "texture": "#1"},
				"west": {"uv": [7.75, 7.25, 8.125, 8.125], "texture": "#1"},
				"up": {"uv": [8.75, 8.875, 8.5, 8.5], "texture": "#1"},
				"down": {"uv": [9, 0, 8.75, 0.375], "texture": "#1"}
			}
		},
		{
			"name": "cube_outline",
			"from": [4.8, 3, 3.9],
			"to": [3.6, -0.4, 2.6],
			"rotation": {"angle": 0, "axis": "y", "origin": [3.7, 0.9, 2.8]},
			"faces": {
				"north": {"uv": [8, 8.25, 8.25, 9.125], "texture": "#1"},
				"east": {"uv": [0, 8, 0.375, 8.875], "texture": "#1"},
				"south": {"uv": [8.25, 8.25, 8.5, 9.125], "texture": "#1"},
				"west": {"uv": [0.5, 8, 0.875, 8.875], "texture": "#1"},
				"up": {"uv": [9, 0.875, 8.75, 0.5], "texture": "#1"},
				"down": {"uv": [9, 1, 8.75, 1.375], "texture": "#1"}
			}
		},
		{
			"name": "cube_outline",
			"from": [9.2, 8.4, 10.3],
			"to": [6.8, 2.9, 2.6],
			"rotation": {"angle": 0, "axis": "y", "origin": [8.1, 6.3, 9.2]},
			"faces": {
				"north": {"uv": [6.5, 3.5, 7.125, 4.875], "texture": "#1"},
				"east": {"uv": [4.5, 3.5, 6.375, 4.875], "texture": "#1"},
				"south": {"uv": [3, 6.75, 3.625, 8.125], "texture": "#1"},
				"west": {"uv": [4, 5, 5.875, 6.375], "texture": "#1"},
				"up": {"uv": [7.125, 3.375, 6.5, 1.5], "texture": "#1"},
				"down": {"uv": [4.625, 6.5, 4, 8.375], "texture": "#1"}
			}
		},
		{
			"name": "cube_outline",
			"from": [12.4, 3.9, 2.6],
			"to": [3.6, 5.2, 11.4],
			"rotation": {"angle": 0, "axis": "y", "origin": [11.3, 1.8, 1.5]},
			"faces": {
				"north": {"uv": [7, 5.75, 9.25, 6.125], "texture": "#1"},
				"east": {"uv": [7, 6.25, 9.25, 6.625], "texture": "#1"},
				"south": {"uv": [7, 6.75, 9.25, 7.125], "texture": "#1"},
				"west": {"uv": [7.25, 1.5, 9.5, 1.875], "texture": "#1"},
				"up": {"uv": [2.25, 2.25, 0, 0], "texture": "#1"},
				"down": {"uv": [2.25, 2.25, 0, 4.5], "texture": "#1"}
			}
		},
		{
			"name": "cube_outline",
			"from": [12.4, 1.75, 2.6],
			"to": [3.6, 3, 11.4],
			"rotation": {"angle": 0, "axis": "y", "origin": [11.3, -0.35, 1.5]},
			"faces": {
				"north": {"uv": [7.25, 2, 9.5, 2.25], "texture": "#1"},
				"east": {"uv": [7.25, 2.25, 9.5, 2.5], "texture": "#1"},
				"south": {"uv": [7.25, 2.5, 9.5, 2.75], "texture": "#1"},
				"west": {"uv": [7.25, 2.75, 9.5, 3], "texture": "#1"},
				"up": {"uv": [4.5, 2.25, 2.25, 0], "texture": "#1"},
				"down": {"uv": [4.5, 2.25, 2.25, 4.5], "texture": "#1"}
			}
		},
		{
			"name": "cube_outline",
			"from": [11.1, 2.1, 4.1],
			"to": [9.9, -0.1, 2.9],
			"rotation": {"angle": 0, "axis": "y", "origin": [11, 0, 3]},
			"faces": {
				"north": {"uv": [2.75, 8.5, 3, 9], "texture": "#1"},
				"east": {"uv": [4, 8.5, 4.25, 9], "texture": "#1"},
				"south": {"uv": [4.25, 8.5, 4.5, 9], "texture": "#1"},
				"west": {"uv": [4.5, 8.5, 4.75, 9], "texture": "#1"},
				"up": {"uv": [9.25, 0.25, 9, 0], "texture": "#1"},
				"down": {"uv": [0.5, 9, 0.25, 9.25], "texture": "#1"}
			}
		},
		{
			"name": "cube_outline",
			"from": [12.1, 8.1, 4.1],
			"to": [3.9, 4.9, 2.9],
			"rotation": {"angle": 0, "axis": "y", "origin": [4, 5, 3]},
			"faces": {
				"north": {"uv": [2, 6, 4, 6.75], "texture": "#1"},
				"east": {"uv": [8, 5, 8.25, 5.75], "texture": "#1"},
				"south": {"uv": [6, 5, 8, 5.75], "texture": "#1"},
				"west": {"uv": [8.25, 5, 8.5, 5.75], "texture": "#1"},
				"up": {"uv": [9.25, 3.25, 7.25, 3], "texture": "#1"},
				"down": {"uv": [9.25, 3.25, 7.25, 3.5], "texture": "#1"}
			}
		},
		{
			"name": "cube_outline",
			"from": [12.1, 5.1, 4.1],
			"to": [10.9, -0.1, 2.9],
			"rotation": {"angle": 0, "axis": "y", "origin": [12, 0, 3]},
			"faces": {
				"north": {"uv": [8.25, 0, 8.5, 1.25], "texture": "#1"},
				"east": {"uv": [3, 8.25, 3.25, 9.5], "texture": "#1"},
				"south": {"uv": [3.25, 8.25, 3.5, 9.5], "texture": "#1"},
				"west": {"uv": [3.5, 8.25, 3.75, 9.5], "texture": "#1"},
				"up": {"uv": [9.25, 0.5, 9, 0.25], "texture": "#1"},
				"down": {"uv": [0.75, 9, 0.5, 9.25], "texture": "#1"}
			}
		},
		{
			"name": "cube_outline",
			"from": [9.1, 5.1, 4.1],
			"to": [6.9, 2.9, 2.9],
			"rotation": {"angle": 0, "axis": "y", "origin": [4, 4, 3]},
			"faces": {
				"north": {"uv": [4, 4.5, 4.5, 5], "texture": "#1"},
				"east": {"uv": [8.5, 5, 8.75, 5.5], "texture": "#1"},
				"south": {"uv": [7.75, 1, 8.25, 1.5], "texture": "#1"},
				"west": {"uv": [5.75, 8.5, 6, 9], "texture": "#1"},
				"up": {"uv": [9, 5.75, 8.5, 5.5], "texture": "#1"},
				"down": {"uv": [9, 7.25, 8.5, 7.5], "texture": "#1"}
			}
		},
		{
			"name": "cube_outline",
			"from": [12.1, 8.1, 10.1],
			"to": [3.9, 6.9, 3.9],
			"rotation": {"angle": 0, "axis": "y", "origin": [4, 5, 4]},
			"faces": {
				"north": {"uv": [7.25, 3.5, 9.25, 3.75], "texture": "#1"},
				"east": {"uv": [7.25, 4.5, 8.75, 4.75], "texture": "#1"},
				"south": {"uv": [7.25, 3.75, 9.25, 4], "texture": "#1"},
				"west": {"uv": [7.25, 4.75, 8.75, 5], "texture": "#1"},
				"up": {"uv": [4, 6, 2, 4.5], "texture": "#1"},
				"down": {"uv": [6.5, 2, 4.5, 3.5], "texture": "#1"}
			}
		},
		{
			"name": "cube_outline",
			"from": [12.1, 8.1, 11.1],
			"to": [3.9, -0.1, 9.9],
			"rotation": {"angle": 0, "axis": "y", "origin": [4, 5, 10]},
			"faces": {
				"north": {"uv": [0, 4.5, 2, 6.5], "texture": "#1"},
				"east": {"uv": [5.75, 6.5, 6, 8.5], "texture": "#1"},
				"south": {"uv": [4.5, 0, 6.5, 2], "texture": "#1"},
				"west": {"uv": [3.75, 6.75, 4, 8.75], "texture": "#1"},
				"up": {"uv": [9.25, 4.25, 7.25, 4], "texture": "#1"},
				"down": {"uv": [9.25, 4.25, 7.25, 4.5], "texture": "#1"}
			}
		},
		{
			"name": "cube_outline",
			"from": [5.1, 7.1, 10.1],
			"to": [3.9, -0.1, 7.9],
			"rotation": {"angle": 0, "axis": "y", "origin": [4, 5, 9]},
			"faces": {
				"north": {"uv": [6.5, 7.25, 6.75, 9], "texture": "#1"},
				"east": {"uv": [2, 6.75, 2.5, 8.5], "texture": "#1"},
				"south": {"uv": [6.75, 7.25, 7, 9], "texture": "#1"},
				"west": {"uv": [2.5, 6.75, 3, 8.5], "texture": "#1"},
				"up": {"uv": [8.75, 8, 8.5, 7.5], "texture": "#1"},
				"down": {"uv": [8.75, 8, 8.5, 8.5], "texture": "#1"}
			}
		},
		{
			"name": "cube_outline",
			"from": [12.1, 7.1, 8.1],
			"to": [10.9, 0.9, 3.9],
			"rotation": {"angle": 0, "axis": "y", "origin": [12, 5, 7]},
			"faces": {
				"north": {"uv": [7, 7.25, 7.25, 8.75], "texture": "#1"},
				"east": {"uv": [6, 5.75, 7, 7.25], "texture": "#1"},
				"south": {"uv": [7.25, 7.25, 7.5, 8.75], "texture": "#1"},
				"west": {"uv": [0, 6.5, 1, 8], "texture": "#1"},
				"up": {"uv": [5, 9.25, 4.75, 8.25], "texture": "#1"},
				"down": {"uv": [5.25, 8.25, 5, 9.25], "texture": "#1"}
			}
		},
		{
			"name": "cube_outline",
			"from": [5.1, 7.1, 8.1],
			"to": [3.9, 0.9, 3.9],
			"rotation": {"angle": 0, "axis": "y", "origin": [4, 5, 7]},
			"faces": {
				"north": {"uv": [7.5, 0, 7.75, 1.5], "texture": "#1"},
				"east": {"uv": [6.5, 0, 7.5, 1.5], "texture": "#1"},
				"south": {"uv": [7.5, 7.25, 7.75, 8.75], "texture": "#1"},
				"west": {"uv": [1, 6.5, 2, 8], "texture": "#1"},
				"up": {"uv": [5.5, 9.25, 5.25, 8.25], "texture": "#1"},
				"down": {"uv": [5.75, 8.25, 5.5, 9.25], "texture": "#1"}
			}
		}
	],
	"display": {
		"thirdperson_righthand": {
			"rotation": [0, 90, 0],
			"translation": [0, 4.25, 2],
			"scale": [0.54492, 0.54492, 0.54492]
		},
		"thirdperson_lefthand": {
			"rotation": [0, 90, 0],
			"translation": [0, 4.25, 2],
			"scale": [0.54492, 0.54492, 0.54492]
		},
		"firstperson_righthand": {
			"rotation": [137.96, 72.35, -136.58],
			"translation": [0, 5.25, 2],
			"scale": [0.41015, 0.41015, 0.41015]
		},
		"firstperson_lefthand": {
			"rotation": [137.96, 72.35, -136.58],
			"translation": [0, 5.25, 2],
			"scale": [0.41015, 0.41015, 0.41015]
		}
	},
	"groups": [
		{
			"name": "group",
			"origin": [4, 5, 0],
			"color": 0,
			"children": [0, 1, 2, 3, 4, 5, 6, 7, 8, 9, 10, 11, 12]
		},
		{
			"name": "group",
			"origin": [12, 5, 9],
			"color": 0,
			"children": [13, 14, 15, 16, 17, 18, 19, 20, 21, 22, 23, 24, 25, 26, 27, 28, 29, 30, 31]
		}
	]
}