{
	"format_version": "1.21.6",
	"credit": "Made with Blockbench",
	"parent": "block/block",
	"textures": {
		"4": "block/grass/grass_block/grass_block_top_2_test"
	},
	"elements": [
		{
			"from": [7.01878, 16, -0.26412],
			"to": [7.01878, 23, 16.73588],
			"shade": false,
			"rotation": {"angle": -22.5, "axis": "y", "origin": [7.48053, 19.5, 7.99789]},
			"faces": {
				"east": {"uv": [0, 9, 8.5, 16], "texture": "#4", "cullface": "up", "tintindex": 0},
				"west": {"uv": [0, 9, 8.5, 16], "texture": "#4", "cullface": "up", "tintindex": 0}
			}
		},
		{
			"from": [-0.55772, 16, 7.7599],
			"to": [16.44228, 23, 7.7599],
			"shade": false,
			"rotation": {"angle": -22.5, "axis": "y", "origin": [7.48053, 19.5, 7.99789]},
			"faces": {
				"north": {"uv": [0, 9, 8.5, 16], "texture": "#4", "cullface": "up", "tintindex": 0},
				"south": {"uv": [0, 9, 8.5, 16], "texture": "#4", "cullface": "up", "tintindex": 0}
			}
		}
	]
}