{
	"format_version": "1.21.6",
	"credit": "Made with Blockbench",
	"parent": "block/block",
	"textures": {
		"4": "block/grass/grass_block/grass_block_top_1_test"
	},
	"elements": [
		{
			"from": [6.25, 16, -1],
			"to": [6.25, 23, 15],
			"shade": false,
			"rotation": {"angle": -45, "axis": "y", "origin": [6.25, 12, 6.75]},
			"faces": {
				"east": {"uv": [0, 9.04545, 7.98636, 16], "texture": "#4", "cullface": "up", "tintindex": 0},
				"west": {"uv": [0, 9.09091, 7.98636, 16], "texture": "#4", "cullface": "up", "tintindex": 0}
			}
		},
		{
			"from": [-2.25, 16, 6.75],
			"to": [14.75, 23, 6.75],
			"shade": false,
			"rotation": {"angle": -45, "axis": "y", "origin": [6.25, 12, 6.75]},
			"faces": {
				"north": {"uv": [0, 9.04545, 7.96364, 16], "texture": "#4", "cullface": "up", "tintindex": 0},
				"south": {"uv": [0, 9.09091, 7.96364, 16], "texture": "#4", "cullface": "up", "tintindex": 0}
			}
		}
	]
}