{
	"format_version": "1.21.6",
	"credit": "Made with Blockbench",
	"texture_size": [64, 32],
	"textures": {
		"0": "entity/equipment/humanoid/diamond",
		"particle": "entity/equipment/humanoid/diamond"
	},
	"elements": [
		{
			"name": "right_shoe",
			"from": [7.95, -0.75, 5.25],
			"to": [13.45, 3, 10.75],
			"rotation": {"angle": 15, "axis": "x", "origin": [8.8, 0, 8]},
			"faces": {
				"north": {"uv": [1, 14.5, 2, 16], "texture": "#0"},
				"east": {"uv": [0, 14.5, 1, 16], "texture": "#0"},
				"south": {"uv": [3, 14.5, 4, 16], "texture": "#0"},
				"west": {"uv": [2, 14.5, 3, 16], "texture": "#0"},
				"up": {"uv": [4, 10, 3, 8], "texture": "#0"},
				"down": {"uv": [3, 8, 2, 10], "texture": "#0"}
			}
		},
		{
			"name": "left_shoe",
			"from": [2.85, -0.75, 5.25],
			"to": [8.35, 3, 10.75],
			"rotation": {"angle": 10, "axis": "y", "origin": [7.5, 0, 8]},
			"faces": {
				"north": {"uv": [2, 14.5, 1, 16], "texture": "#0"},
				"east": {"uv": [3, 14.5, 2, 16], "texture": "#0"},
				"south": {"uv": [4, 14.5, 3, 16], "texture": "#0"},
				"west": {"uv": [1, 14.5, 0, 16], "texture": "#0"},
				"up": {"uv": [3, 10, 4, 8], "texture": "#0"},
				"down": {"uv": [2, 8, 3, 10], "texture": "#0"}
			}
		},
		{
			"name": "right_shoe_outline",
			"from": [13.45, 3, 10.75],
			"to": [7.95, -0.75, 5.25],
			"rotation": {"angle": 15, "axis": "x", "origin": [8.8, 0, 8]},
			"faces": {
				"north": {"uv": [3, 14.5, 4, 16], "rotation": 180, "texture": "#0"},
				"east": {"uv": [2, 14.5, 3, 16], "rotation": 180, "texture": "#0"},
				"south": {"uv": [1, 14.5, 2, 16], "rotation": 180, "texture": "#0"},
				"west": {"uv": [0, 14.5, 1, 16], "rotation": 180, "texture": "#0"},
				"up": {"uv": [3, 8, 2, 10], "rotation": 180, "texture": "#0"},
				"down": {"uv": [4, 10, 3, 8], "rotation": 180, "texture": "#0"}
			}
		},
		{
			"name": "left_shoe_outline",
			"from": [8.35, 3, 10.75],
			"to": [2.85, -0.75, 5.25],
			"rotation": {"angle": 10, "axis": "y", "origin": [7.5, 0, 8]},
			"faces": {
				"north": {"uv": [4, 14.5, 3, 16], "rotation": 180, "texture": "#0"},
				"east": {"uv": [1, 14.5, 0, 16], "rotation": 180, "texture": "#0"},
				"south": {"uv": [2, 14.5, 1, 16], "rotation": 180, "texture": "#0"},
				"west": {"uv": [3, 14.5, 2, 16], "rotation": 180, "texture": "#0"},
				"up": {"uv": [2, 8, 3, 10], "rotation": 180, "texture": "#0"},
				"down": {"uv": [3, 10, 4, 8], "rotation": 180, "texture": "#0"}
			}
		}
	],
	"display": {
		"thirdperson_righthand": {
			"rotation": [0, 90, 0],
			"translation": [0.25, 5.25, 0.75],
			"scale": [0.57813, 0.57813, 0.57813]
		},
		"thirdperson_lefthand": {
			"rotation": [-112.5, 76.5, 112.5],
			"translation": [-1.25, 5, 0.75],
			"scale": [0.57813, 0.57813, 0.57813]
		},
		"firstperson_righthand": {
			"rotation": [137.96, 72.35, -136.58],
			"translation": [0, 5.25, 2],
			"scale": [0.41015, 0.41015, 0.41015]
		},
		"firstperson_lefthand": {
			"rotation": [137.96, 72.35, -136.58],
			"translation": [0, 5.25, 2],
			"scale": [0.41015, 0.41015, 0.41015]
		}
	}
}