{
	"format_version": "1.21.6",
	"credit": "Made with Blockbench",
	"texture_size": [64, 32],
	"textures": {
		"0": "entity/equipment/humanoid/diamond",
		"1": "entity/equipment/humanoid_leggings/diamond"
	},
	"elements": [
		{
			"name": "body",
			"from": [3.25, -0.75, 5.25],
			"to": [12.75, 12.75, 10.75],
			"rotation": {"angle": 0, "axis": "y", "origin": [8, 6, 8]},
			"faces": {
				"north": {"uv": [5, 10, 7, 16], "texture": "#0"},
				"east": {"uv": [4, 10, 5, 16], "texture": "#0"},
				"south": {"uv": [8, 10, 10, 16], "texture": "#0"},
				"west": {"uv": [7, 10, 8, 16], "texture": "#0"},
				"up": {"uv": [7, 10, 5, 8], "texture": "#0"},
				"down": {"uv": [9, 8, 7, 10], "texture": "#0"}
			}
		},
		{
			"name": "left_arm",
			"from": [-0.75, 0.05, 5.25],
			"to": [4.75, 13.55, 10.75],
			"rotation": {"angle": -15, "axis": "z", "origin": [2, 10.8, 8]},
			"faces": {
				"north": {"uv": [12, 10, 11, 16], "texture": "#0"},
				"east": {"uv": [13, 10, 12, 16], "texture": "#0"},
				"south": {"uv": [14, 10, 13, 16], "texture": "#0"},
				"west": {"uv": [11, 10, 10, 16], "texture": "#0"},
				"up": {"uv": [11, 10, 12, 8], "texture": "#0"},
				"down": {"uv": [12, 8, 13, 10], "texture": "#0"}
			}
		},
		{
			"name": "right_arm",
			"from": [11.25, 0.05, 5.25],
			"to": [16.75, 13.55, 10.75],
			"rotation": {"angle": 15, "axis": "z", "origin": [14, 10.8, 8]},
			"faces": {
				"north": {"uv": [11, 10, 12, 16], "texture": "#0"},
				"east": {"uv": [10, 10, 11, 16], "texture": "#0"},
				"south": {"uv": [13, 10, 14, 16], "texture": "#0"},
				"west": {"uv": [12, 10, 13, 16], "texture": "#0"},
				"up": {"uv": [12, 10, 11, 8], "texture": "#0"},
				"down": {"uv": [13, 8, 12, 10], "texture": "#0"}
			}
		},
		{
			"name": "waist",
			"from": [3.5, -0.5, 5.5],
			"to": [12.5, 12.5, 10.5],
			"rotation": {"angle": 0, "axis": "y", "origin": [8, 6, 8]},
			"faces": {
				"north": {"uv": [5, 10, 7, 16], "texture": "#1"},
				"east": {"uv": [4, 10, 5, 16], "texture": "#1"},
				"south": {"uv": [8, 10, 10, 16], "texture": "#1"},
				"west": {"uv": [7, 10, 8, 16], "texture": "#1"},
				"up": {"uv": [7, 10, 5, 8], "texture": "#1"},
				"down": {"uv": [9, 8, 7, 10], "texture": "#1"}
			}
		},
		{
			"name": "waist_outline",
			"from": [12, 12, 10],
			"to": [4, 0, 6],
			"rotation": {"angle": 0, "axis": "y", "origin": [8, 6, 8]},
			"faces": {
				"north": {"uv": [8, 10, 10, 16], "rotation": 180, "texture": "#1"},
				"east": {"uv": [7, 10, 8, 16], "rotation": 180, "texture": "#1"},
				"south": {"uv": [5, 10, 7, 16], "rotation": 180, "texture": "#1"},
				"west": {"uv": [4, 10, 5, 16], "rotation": 180, "texture": "#1"},
				"up": {"uv": [9, 8, 7, 10], "rotation": 180, "texture": "#1"},
				"down": {"uv": [7, 10, 5, 8], "rotation": 180, "texture": "#1"}
			}
		},
		{
			"name": "left_arm_outline",
			"from": [4, 12.8, 10],
			"to": [0, 0.8, 6],
			"rotation": {"angle": -15, "axis": "z", "origin": [2, 10.8, 8]},
			"faces": {
				"north": {"uv": [14, 10, 13, 16], "rotation": 180, "texture": "#0"},
				"east": {"uv": [11, 10, 10, 16], "rotation": 180, "texture": "#0"},
				"south": {"uv": [12, 10, 11, 16], "rotation": 180, "texture": "#0"},
				"west": {"uv": [13, 10, 12, 16], "rotation": 180, "texture": "#0"},
				"up": {"uv": [12, 8, 13, 10], "rotation": 180, "texture": "#0"},
				"down": {"uv": [11, 10, 12, 8], "rotation": 180, "texture": "#0"}
			}
		},
		{
			"name": "right_arm_outline",
			"from": [16, 12.8, 10],
			"to": [12, 0.8, 6],
			"rotation": {"angle": 15, "axis": "z", "origin": [14, 10.8, 8]},
			"faces": {
				"north": {"uv": [13, 10, 14, 16], "rotation": 180, "texture": "#0"},
				"east": {"uv": [12, 10, 13, 16], "rotation": 180, "texture": "#0"},
				"south": {"uv": [11, 10, 12, 16], "rotation": 180, "texture": "#0"},
				"west": {"uv": [10, 10, 11, 16], "rotation": 180, "texture": "#0"},
				"up": {"uv": [13, 8, 12, 10], "rotation": 180, "texture": "#0"},
				"down": {"uv": [12, 10, 11, 8], "rotation": 180, "texture": "#0"}
			}
		}
	],
	"display": {
		"thirdperson_righthand": {
			"rotation": [0, 90, 0],
			"translation": [-0.75, 0, 0.25],
			"scale": [0.57813, 0.57813, 0.57813]
		},
		"thirdperson_lefthand": {
			"rotation": [0, 90, 0],
			"translation": [-0.75, 0, 0.25],
			"scale": [0.57813, 0.57813, 0.57813]
		},
		"firstperson_righthand": {
			"rotation": [137.96, 72.35, -136.58],
			"translation": [0, 6.5, 2],
			"scale": [0.54492, 0.54492, 0.54492]
		},
		"firstperson_lefthand": {
			"rotation": [137.96, 72.35, -136.58],
			"translation": [0, 5.25, 2],
			"scale": [0.41015, 0.41015, 0.41015]
		},
		"head": {
			"translation": [0, -11.75, 0],
			"scale": [1.86719, 1.86719, 1.86719]
		}
	},
	"groups": [
		{
			"name": "body",
			"origin": [0, 24, 0],
			"color": 0,
			"children": [0]
		},
		{
			"name": "left_arm",
			"origin": [-5, 22, 0],
			"color": 0,
			"children": [1]
		},
		{
			"name": "right_arm",
			"origin": [21, 22, 0],
			"color": 0,
			"children": [2]
		},
		{
			"name": "waist",
			"origin": [0, 24, 0],
			"color": 0,
			"children": [3, 4]
		},
		5,
		6
	]
}