{
	"format_version": "1.21.6",
	"credit": "Made with Blockbench",
	"texture_size": [128, 128],
	"textures": {
		"0": "item/held_elytra",
		"particle": "item/held_elytra"
	},
	"elements": [
		{
			"from": [6.5, 12.5, 7.1],
			"to": [9.5, 15.5, 9.1],
			"rotation": {"angle": 0, "axis": "y", "origin": [0, 0, -0.9]},
			"faces": {
				"north": {"uv": [2.125, 1.125, 2.5, 1.5], "texture": "#0"},
				"east": {"uv": [0.125, 2.5, 0.375, 2.875], "texture": "#0"},
				"south": {"uv": [2.125, 1.5, 2.5, 1.875], "texture": "#0"},
				"west": {"uv": [0.375, 2.5, 0.625, 2.875], "texture": "#0"},
				"up": {"uv": [1, 2.75, 0.625, 2.5], "texture": "#0"},
				"down": {"uv": [1.375, 2.5, 1, 2.75], "texture": "#0"}
			}
		},
		{
			"from": [3.5, 8.3, 5.6],
			"to": [12.5, 13.3, 6.6],
			"rotation": {"angle": 7.5, "axis": "x", "origin": [4.75, 8.75, 6.6]},
			"faces": {
				"north": {"uv": [0.125, 4.25, 1.25, 4.875], "texture": "#0"},
				"east": {"uv": [0.125, 5.625, 0.25, 6.25], "texture": "#0"},
				"south": {"uv": [0.125, 4.25, 1.25, 4.875], "texture": "#0"},
				"west": {"uv": [0.25, 5.625, 0.375, 6.25], "texture": "#0"},
				"up": {"uv": [2.375, 4.875, 1.25, 4.75], "texture": "#0"},
				"down": {"uv": [2.375, 4.875, 1.25, 5], "texture": "#0"}
			}
		},
		{
			"from": [4.5, 13.3, 5.6],
			"to": [11.5, 14.3, 6.6],
			"rotation": {"angle": 7.5, "axis": "x", "origin": [4.75, 8.75, 6.6]},
			"faces": {
				"north": {"uv": [1.25, 5.25, 2.125, 5.375], "texture": "#0"},
				"east": {"uv": [0.875, 5.75, 1, 5.875], "texture": "#0"},
				"south": {"uv": [1.25, 5.25, 2.125, 5.375], "texture": "#0"},
				"west": {"uv": [1, 5.75, 1.125, 5.875], "texture": "#0"},
				"up": {"uv": [1, 5.625, 0.125, 5.5], "texture": "#0"},
				"down": {"uv": [1.875, 5.5, 1, 5.625], "texture": "#0"}
			}
		},
		{
			"from": [4.5, 6.3, 5.6],
			"to": [11.5, 8.3, 6.6],
			"rotation": {"angle": 7.5, "axis": "x", "origin": [4.75, 8.75, 6.6]},
			"faces": {
				"north": {"uv": [1.25, 4.25, 2.125, 4.5], "texture": "#0"},
				"east": {"uv": [0.375, 5.75, 0.5, 6], "texture": "#0"},
				"south": {"uv": [1.25, 4.25, 2.125, 4.5], "texture": "#0"},
				"west": {"uv": [0.5, 5.75, 0.625, 6], "texture": "#0"},
				"up": {"uv": [2.125, 5.125, 1.25, 5], "texture": "#0"},
				"down": {"uv": [2.125, 5.125, 1.25, 5.25], "texture": "#0"}
			}
		},
		{
			"from": [6.5, 5.3, 5.6],
			"to": [9.5, 6.3, 6.6],
			"rotation": {"angle": 7.5, "axis": "x", "origin": [4.75, 8.75, 6.6]},
			"faces": {
				"north": {"uv": [0.375, 5.625, 0.75, 5.75], "texture": "#0"},
				"east": {"uv": [0.625, 5.75, 0.75, 5.875], "texture": "#0"},
				"south": {"uv": [0.375, 5.625, 0.75, 5.75], "texture": "#0"},
				"west": {"uv": [0.75, 5.75, 0.875, 5.875], "texture": "#0"},
				"up": {"uv": [1.5, 5.75, 1.125, 5.625], "texture": "#0"},
				"down": {"uv": [1.875, 5.625, 1.5, 5.75], "texture": "#0"}
			}
		},
		{
			"from": [3.98468, -1.57002, 7.6],
			"to": [6.98468, 0.42998, 8.6],
			"rotation": {"angle": -15, "axis": "z", "origin": [8, 13.95, 8.1]},
			"faces": {
				"north": {"uv": [2, 2.375, 2.375, 2.625], "texture": "#0"},
				"east": {"uv": [1.375, 2.75, 1.5, 3], "texture": "#0"},
				"south": {"uv": [2.375, 2.375, 2.75, 2.625], "texture": "#0"},
				"west": {"uv": [1.5, 2.75, 1.625, 3], "texture": "#0"},
				"up": {"uv": [3.125, 0.5, 2.75, 0.375], "texture": "#0"},
				"down": {"uv": [3.125, 0.5, 2.75, 0.625], "texture": "#0"}
			}
		},
		{
			"from": [2.98468, 0.42998, 7.6],
			"to": [6.98468, 2.42998, 8.6],
			"rotation": {"angle": -15, "axis": "z", "origin": [8, 13.95, 8.1]},
			"faces": {
				"north": {"uv": [2.25, 0.125, 2.75, 0.375], "texture": "#0"},
				"east": {"uv": [1.625, 2.75, 1.75, 3], "texture": "#0"},
				"south": {"uv": [2.75, 0.125, 2.25, 0.375], "texture": "#0"},
				"west": {"uv": [1.75, 2.75, 1.875, 3], "texture": "#0"},
				"up": {"uv": [2.375, 2.75, 1.875, 2.625], "texture": "#0"},
				"down": {"uv": [3.125, 1.875, 2.625, 2], "texture": "#0"}
			}
		},
		{
			"from": [1.98468, 2.42998, 7.6],
			"to": [7.98468, 11.42998, 8.6],
			"rotation": {"angle": -15, "axis": "z", "origin": [8, 13.95, 8.1]},
			"faces": {
				"north": {"uv": [0.125, 0.125, 0.875, 1.25], "texture": "#0"},
				"east": {"uv": [1.625, 1.125, 1.75, 2.25], "texture": "#0"},
				"south": {"uv": [0.875, 0.125, 0.125, 1.25], "texture": "#0"},
				"west": {"uv": [1.75, 1.125, 1.875, 2.25], "texture": "#0"},
				"up": {"uv": [3, 0.75, 2.25, 0.625], "texture": "#0"},
				"down": {"uv": [3, 0.75, 2.25, 0.875], "texture": "#0"}
			}
		},
		{
			"from": [2.98468, 11.42998, 7.6],
			"to": [7.98468, 13.42998, 8.6],
			"rotation": {"angle": -15, "axis": "z", "origin": [8, 13.95, 8.1]},
			"faces": {
				"north": {"uv": [1.625, 0.625, 2.25, 0.875], "texture": "#0"},
				"east": {"uv": [1.875, 2.75, 2, 3], "texture": "#0"},
				"south": {"uv": [2.25, 0.625, 1.625, 0.875], "texture": "#0"},
				"west": {"uv": [2, 2.75, 2.125, 3], "texture": "#0"},
				"up": {"uv": [2, 2.625, 1.375, 2.5], "texture": "#0"},
				"down": {"uv": [3.125, 1.375, 2.5, 1.5], "texture": "#0"}
			}
		},
		{
			"from": [3.98468, 13.42998, 7.6],
			"to": [7.98468, 14.42998, 8.6],
			"rotation": {"angle": -15, "axis": "z", "origin": [8, 13.95, 8.1]},
			"faces": {
				"north": {"uv": [2.625, 2, 3.125, 2.125], "texture": "#0"},
				"east": {"uv": [2.25, 2.75, 2.375, 2.875], "texture": "#0"},
				"south": {"uv": [2.625, 2.125, 3.125, 2.25], "texture": "#0"},
				"west": {"uv": [2.375, 2.75, 2.5, 2.875], "texture": "#0"},
				"up": {"uv": [3.125, 2.375, 2.625, 2.25], "texture": "#0"},
				"down": {"uv": [2.875, 2.625, 2.375, 2.75], "texture": "#0"}
			}
		},
		{
			"from": [8.99795, -1.5685, 7.6],
			"to": [11.99795, 0.4315, 8.6],
			"rotation": {"angle": 15, "axis": "z", "origin": [8, 14.05, 8.1]},
			"faces": {
				"north": {"uv": [2.25, 0.875, 2.625, 1.125], "texture": "#0"},
				"east": {"uv": [0.625, 2.75, 0.75, 3], "texture": "#0"},
				"south": {"uv": [1.625, 2.25, 2, 2.5], "texture": "#0"},
				"west": {"uv": [0.75, 2.75, 0.875, 3], "texture": "#0"},
				"up": {"uv": [3.125, 0.25, 2.75, 0.125], "texture": "#0"},
				"down": {"uv": [3.125, 0.25, 2.75, 0.375], "texture": "#0"}
			}
		},
		{
			"from": [8.99795, 0.4315, 7.6],
			"to": [12.99795, 2.4315, 8.6],
			"rotation": {"angle": 15, "axis": "z", "origin": [8, 14.05, 8.1]},
			"faces": {
				"north": {"uv": [2.125, 1.875, 2.625, 2.125], "texture": "#0"},
				"east": {"uv": [0.875, 2.75, 1, 3], "texture": "#0"},
				"south": {"uv": [2.625, 1.875, 2.125, 2.125], "texture": "#0"},
				"west": {"uv": [1, 2.75, 1.125, 3], "texture": "#0"},
				"up": {"uv": [3, 1.625, 2.5, 1.5], "texture": "#0"},
				"down": {"uv": [3, 1.625, 2.5, 1.75], "texture": "#0"}
			}
		},
		{
			"from": [7.99795, 2.4315, 7.6],
			"to": [13.99795, 11.4315, 8.6],
			"rotation": {"angle": 15, "axis": "z", "origin": [8, 14.05, 8.1]},
			"faces": {
				"north": {"uv": [0.125, 1.25, 0.875, 2.375], "texture": "#0"},
				"east": {"uv": [1.875, 1.125, 2, 2.25], "texture": "#0"},
				"south": {"uv": [0.875, 1.25, 0.125, 2.375], "texture": "#0"},
				"west": {"uv": [2, 1.125, 2.125, 2.25], "texture": "#0"},
				"up": {"uv": [0.875, 2.5, 0.125, 2.375], "texture": "#0"},
				"down": {"uv": [1.625, 2.375, 0.875, 2.5], "texture": "#0"}
			}
		},
		{
			"from": [7.99795, 11.4315, 7.6],
			"to": [12.99795, 13.4315, 8.6],
			"rotation": {"angle": 15, "axis": "z", "origin": [8, 14.05, 8.1]},
			"faces": {
				"north": {"uv": [1.625, 0.125, 2.25, 0.375], "texture": "#0"},
				"east": {"uv": [1.125, 2.75, 1.25, 3], "texture": "#0"},
				"south": {"uv": [1.625, 0.625, 2.25, 0.875], "texture": "#0"},
				"west": {"uv": [1.25, 2.75, 1.375, 3], "texture": "#0"},
				"up": {"uv": [3.125, 1.25, 2.5, 1.125], "texture": "#0"},
				"down": {"uv": [3.125, 1.25, 2.5, 1.375], "texture": "#0"}
			}
		},
		{
			"from": [7.99795, 13.4315, 7.6],
			"to": [11.99795, 14.4315, 8.6],
			"rotation": {"angle": 15, "axis": "z", "origin": [8, 14.05, 8.1]},
			"faces": {
				"north": {"uv": [2.5, 1.75, 3, 1.875], "texture": "#0"},
				"east": {"uv": [2, 2.25, 2.125, 2.375], "texture": "#0"},
				"south": {"uv": [2.625, 0.875, 3.125, 1], "texture": "#0"},
				"west": {"uv": [2.125, 2.75, 2.25, 2.875], "texture": "#0"},
				"up": {"uv": [3.125, 1.125, 2.625, 1], "texture": "#0"},
				"down": {"uv": [1.875, 2.625, 1.375, 2.75], "texture": "#0"}
			}
		}
	],
	"display": {
		"thirdperson_righthand": {
			"rotation": [70, -180, 0],
			"translation": [0, -2.5, -4],
			"scale": [0.68555, 0.68555, 0.68555]
		},
		"thirdperson_lefthand": {
			"rotation": [70, -180, 0],
			"translation": [0, -2.5, -4],
			"scale": [0.68555, 0.68555, 0.68555]
		},
		"firstperson_righthand": {
			"rotation": [137.96, 72.35, -136.58],
			"translation": [0, 5, 2],
			"scale": [0.38476, 0.38476, 0.38476]
		},
		"firstperson_lefthand": {
			"rotation": [137.96, 72.35, -136.58],
			"translation": [0, 5, 2],
			"scale": [0.38476, 0.38476, 0.38476]
		}
	},
	"groups": [
		{
			"name": "group",
			"origin": [3.5, 12, 7.5],
			"color": 0,
			"children": [
				0,
				{
					"name": "group",
					"origin": [3.5, 12, 7.5],
					"color": 0,
					"children": [1, 2, 3, 4]
				},
				{
					"name": "right wing",
					"origin": [5, 5.75, 9],
					"color": 0,
					"children": [5, 6, 7, 8, 9]
				},
				{
					"name": "left wing",
					"origin": [11, 5.75, 9],
					"color": 0,
					"children": [10, 11, 12, 13, 14]
				}
			]
		}
	]
}