{
	"format_version": "1.21.6",
	"credit": "Made with Blockbench",
	"texture_size": [64, 32],
	"textures": {
		"0": "entity/equipment/humanoid/diamond",
		"particle": "entity/equipment/humanoid/diamond"
	},
	"elements": [
		{
			"from": [3.7, -0.3, 2.7],
			"to": [12.3, 8.3, 11.3],
			"rotation": {"angle": 0, "axis": "y", "origin": [4, 5, 3]},
			"faces": {
				"north": {"uv": [10, 4, 12, 8], "texture": "#0"},
				"east": {"uv": [8, 4, 10, 8], "texture": "#0"},
				"south": {"uv": [14, 4, 16, 8], "texture": "#0"},
				"west": {"uv": [12, 4, 14, 8], "texture": "#0"},
				"up": {"uv": [12, 4.5, 10, 0.5], "texture": "#0"},
				"down": {"uv": [6, 0, 4, 4], "texture": "#0"}
			}
		},
		{
			"from": [4, 0, 3],
			"to": [5, 5, 4],
			"rotation": {"angle": 0, "axis": "y", "origin": [4, 0, 3]},
			"faces": {
				"north": {"uv": [3.75, 5.5, 4, 8], "texture": "#0"},
				"east": {"uv": [3.75, 5.5, 4, 8], "texture": "#0"},
				"south": {"uv": [4, 5.5, 4.25, 8], "texture": "#0"},
				"west": {"uv": [4, 5.5, 4.25, 8], "texture": "#0"},
				"up": {"uv": [7.75, 9.5, 7.5, 9], "texture": "#0"},
				"down": {"uv": [7.75, 9.5, 7.5, 10], "texture": "#0"}
			}
		},
		{
			"from": [5, 0, 3],
			"to": [6, 2, 4],
			"rotation": {"angle": 0, "axis": "y", "origin": [5, 0, 3]},
			"faces": {
				"north": {"uv": [3.5, 7, 3.75, 8], "texture": "#0"},
				"east": {"uv": [3.5, 7, 3.75, 8], "texture": "#0"},
				"south": {"uv": [2.25, 7, 2.5, 8], "texture": "#0"},
				"west": {"uv": [3.25, 15, 3.5, 16], "texture": "#0"},
				"up": {"uv": [3.75, 7.5, 3.5, 7], "texture": "#0"},
				"down": {"uv": [3.75, 7.5, 3.5, 8], "texture": "#0"}
			}
		},
		{
			"from": [10, 0, 3],
			"to": [11, 2, 4],
			"rotation": {"angle": 0, "axis": "y", "origin": [11, 0, 3]},
			"faces": {
				"north": {"uv": [2.25, 7, 2.5, 8], "texture": "#0"},
				"east": {"uv": [7.5, 7, 7.75, 8], "texture": "#0"},
				"south": {"uv": [2.25, 7, 2.5, 8], "texture": "#0"},
				"west": {"uv": [2.25, 7, 2.5, 8], "texture": "#0"},
				"up": {"uv": [7.75, 13, 7.5, 12.5], "texture": "#0"},
				"down": {"uv": [3.75, 7.5, 3.5, 8], "texture": "#0"}
			}
		},
		{
			"from": [4, 5, 3],
			"to": [12, 8, 4],
			"rotation": {"angle": 0, "axis": "y", "origin": [4, 5, 3]},
			"faces": {
				"north": {"uv": [2, 4, 4, 5.5], "texture": "#0"},
				"east": {"uv": [2, 4, 2.25, 5.5], "texture": "#0"},
				"south": {"uv": [2, 4, 4, 5.5], "texture": "#0"},
				"west": {"uv": [4, 4, 4.25, 5.5], "texture": "#0"},
				"up": {"uv": [4, 4, 2, 3.5], "texture": "#0"},
				"down": {"uv": [4, 5, 2, 5.5], "texture": "#0"}
			}
		},
		{
			"from": [11, 0, 3],
			"to": [12, 5, 4],
			"rotation": {"angle": 0, "axis": "y", "origin": [12, 0, 3]},
			"faces": {
				"north": {"uv": [2, 5.5, 2.25, 8], "texture": "#0"},
				"east": {"uv": [4, 5.5, 4.25, 8], "texture": "#0"},
				"south": {"uv": [4.75, 14.5, 5, 17], "texture": "#0"},
				"west": {"uv": [2, 5.5, 2.25, 8], "texture": "#0"},
				"up": {"uv": [7.75, 14, 7.5, 13.5], "texture": "#0"},
				"down": {"uv": [3.75, 7.5, 3.5, 8], "texture": "#0"}
			}
		},
		{
			"from": [7, 3, 3],
			"to": [9, 5, 4],
			"rotation": {"angle": 0, "axis": "y", "origin": [4, 4, 3]},
			"faces": {
				"north": {"uv": [2.75, 5.5, 3.25, 6.5], "texture": "#0"},
				"east": {"uv": [2, 15, 2.25, 16], "texture": "#0"},
				"south": {"uv": [2.75, 5.5, 3.25, 6.5], "texture": "#0"},
				"west": {"uv": [2.25, 15, 2.5, 16], "texture": "#0"},
				"up": {"uv": [8, 5, 7.5, 4.5], "texture": "#0"},
				"down": {"uv": [3, 15, 2.5, 15.5], "texture": "#0"}
			}
		},
		{
			"from": [4, 7, 4],
			"to": [12, 8, 10],
			"rotation": {"angle": 0, "axis": "y", "origin": [4, 5, 4]},
			"faces": {
				"north": {"uv": [7, 1.5, 9, 2], "texture": "#0"},
				"east": {"uv": [0.25, 4, 1.75, 4.5], "texture": "#0"},
				"south": {"uv": [7, 2, 9, 2.5], "texture": "#0"},
				"west": {"uv": [4.25, 4, 5.75, 4.5], "texture": "#0"},
				"up": {"uv": [4, 3.5, 2, 0.5], "texture": "#0"},
				"down": {"uv": [4, 1, 2, 4], "texture": "#0"}
			}
		},
		{
			"from": [4, 0, 10],
			"to": [12, 8, 11],
			"rotation": {"angle": 0, "axis": "y", "origin": [4, 5, 10]},
			"faces": {
				"north": {"uv": [6, 4, 8, 8], "texture": "#0"},
				"east": {"uv": [0, 4, 0.25, 8], "texture": "#0"},
				"south": {"uv": [6, 4, 8, 8], "texture": "#0"},
				"west": {"uv": [5.75, 4, 6, 8], "texture": "#0"},
				"up": {"uv": [4, 0.5, 2, 0], "texture": "#0"},
				"down": {"uv": [8, 7.5, 6, 8], "texture": "#0"}
			}
		},
		{
			"from": [4, 0, 8],
			"to": [5, 7, 10],
			"rotation": {"angle": 0, "axis": "y", "origin": [4, 5, 9]},
			"faces": {
				"north": {"uv": [0.25, 14.5, 0.5, 18], "texture": "#0"},
				"east": {"uv": [6.75, 4.5, 7.25, 8], "texture": "#0"},
				"south": {"uv": [0.5, 14.5, 0.75, 18], "texture": "#0"},
				"west": {"uv": [5.25, 4.5, 5.75, 8], "texture": "#0"},
				"up": {"uv": [7.5, 15, 7.25, 14], "texture": "#0"},
				"down": {"uv": [7, 4.5, 6.75, 5.5], "texture": "#0"}
			}
		},
		{
			"from": [11, 1, 4],
			"to": [12, 7, 8],
			"rotation": {"angle": 0, "axis": "y", "origin": [12, 5, 7]},
			"faces": {
				"north": {"uv": [1.25, 14.5, 1.5, 17.5], "texture": "#0"},
				"east": {"uv": [0.75, 4.5, 1.75, 7.5], "texture": "#0"},
				"south": {"uv": [1.5, 14.5, 1.75, 17.5], "texture": "#0"},
				"west": {"uv": [4.25, 4.5, 5.25, 7.5], "texture": "#0"},
				"up": {"uv": [6.25, 16.5, 6, 14.5], "texture": "#0"},
				"down": {"uv": [0.75, 7.5, 1.75, 7], "rotation": 90, "texture": "#0"}
			}
		},
		{
			"from": [4, 1, 4],
			"to": [5, 7, 8],
			"rotation": {"angle": 0, "axis": "y", "origin": [4, 5, 7]},
			"faces": {
				"north": {"uv": [0.75, 14.5, 1, 17.5], "texture": "#0"},
				"east": {"uv": [0.75, 4.5, 1.75, 7.5], "texture": "#0"},
				"south": {"uv": [1, 14.5, 1.25, 17.5], "texture": "#0"},
				"west": {"uv": [4.25, 4.5, 5.25, 7.5], "texture": "#0"},
				"up": {"uv": [7.5, 10.5, 7.25, 8.5], "texture": "#0"},
				"down": {"uv": [4.25, 7.5, 5.25, 7], "rotation": 270, "texture": "#0"}
			}
		},
		{
			"from": [11, 0, 8],
			"to": [12, 7, 10],
			"rotation": {"angle": 0, "axis": "y", "origin": [12, 5, 9]},
			"faces": {
				"north": {"uv": [6, 4.5, 6.25, 8], "texture": "#0"},
				"east": {"uv": [0.25, 4.5, 0.75, 8], "texture": "#0"},
				"south": {"uv": [0, 14.5, 0.25, 18], "texture": "#0"},
				"west": {"uv": [5.75, 4.5, 6.25, 8], "texture": "#0"},
				"up": {"uv": [7, 15.5, 6.75, 14.5], "texture": "#0"},
				"down": {"uv": [7, 7, 6.75, 8], "texture": "#0"}
			}
		}
	],
	"display": {
		"thirdperson_righthand": {
			"rotation": [0, 90, 0],
			"translation": [0, 4.25, 2],
			"scale": [0.54492, 0.54492, 0.54492]
		},
		"thirdperson_lefthand": {
			"rotation": [0, 90, 0],
			"translation": [0, 4.25, 2],
			"scale": [0.54492, 0.54492, 0.54492]
		},
		"firstperson_righthand": {
			"rotation": [137.96, 72.35, -136.58],
			"translation": [0, 5.25, 2],
			"scale": [0.41015, 0.41015, 0.41015]
		},
		"firstperson_lefthand": {
			"rotation": [137.96, 72.35, -136.58],
			"translation": [0, 5.25, 2],
			"scale": [0.41015, 0.41015, 0.41015]
		}
	},
	"groups": [
		{
			"name": "helmet",
			"origin": [4, 5, 0],
			"color": 0,
			"children": []
		},
		{
			"name": "top",
			"origin": [4, 5, 0],
			"color": 0,
			"children": [0]
		},
		1,
		2,
		3,
		4,
		5,
		6,
		7,
		8,
		9,
		10,
		11,
		12
	]
}