{
	"format_version": "1.21.6",
	"credit": "Made with Blockbench",
	"texture_size": [32, 32],
	"textures": {
		"0": "block/texture",
		"particle": "block/texture"
	},
	"elements": [
		{
			"from": [7, 6.8, 0.2],
			"to": [9, 8.8, 2.2],
			"rotation": {"angle": -32.5, "axis": "x", "origin": [8, 8, 2.25]},
			"faces": {
				"north": {"uv": [7, 5, 8, 6], "texture": "#0"},
				"east": {"uv": [7, 6, 8, 7], "texture": "#0"},
				"south": {"uv": [7, 7, 8, 8], "texture": "#0"},
				"west": {"uv": [0, 7.5, 1, 8.5], "texture": "#0"},
				"up": {"uv": [8.5, 1, 7.5, 0], "texture": "#0"},
				"down": {"uv": [2, 7.5, 1, 8.5], "texture": "#0"}
			}
		},
		{
			"from": [6.5, 6.8, 2.2],
			"to": [9.5, 8.8, 5.2],
			"rotation": {"angle": -32.5, "axis": "x", "origin": [8, 8, 2.25]},
			"faces": {
				"north": {"uv": [4, 5.5, 5.5, 6.5], "texture": "#0"},
				"east": {"uv": [5.5, 5.5, 7, 6.5], "texture": "#0"},
				"south": {"uv": [6.5, 2, 8, 3], "texture": "#0"},
				"west": {"uv": [4, 6.5, 5.5, 7.5], "texture": "#0"},
				"up": {"uv": [6.5, 3.5, 5, 2], "texture": "#0"},
				"down": {"uv": [4, 5.5, 2.5, 7], "texture": "#0"}
			}
		},
		{
			"from": [6.5, 4.8, 3.2],
			"to": [9.5, 6.8, 5.2],
			"rotation": {"angle": -32.5, "axis": "x", "origin": [8, 8, 2.25]},
			"faces": {
				"north": {"uv": [5.5, 6.5, 7, 7.5], "texture": "#0"},
				"east": {"uv": [7.5, 1, 8.5, 2], "texture": "#0"},
				"south": {"uv": [2.5, 7, 4, 8], "texture": "#0"},
				"west": {"uv": [4, 7.5, 5, 8.5], "texture": "#0"},
				"up": {"uv": [8.5, 4, 7, 3], "texture": "#0"},
				"down": {"uv": [8.5, 4, 7, 5], "texture": "#0"}
			}
		},
		{
			"from": [5.75, 2.99673, 3.99598],
			"to": [10.25, 6.99673, 10.99598],
			"rotation": {"angle": 0, "axis": "y", "origin": [8, 3.99673, 5.49598]},
			"faces": {
				"north": {"uv": [5, 0, 7.5, 2], "texture": "#0"},
				"east": {"uv": [0, 3.5, 3.5, 5.5], "texture": "#0"},
				"south": {"uv": [0, 5.5, 2.5, 7.5], "texture": "#0"},
				"west": {"uv": [3.5, 3.5, 7, 5.5], "texture": "#0"},
				"up": {"uv": [2.5, 3.5, 0, 0], "texture": "#0"},
				"down": {"uv": [5, 0, 2.5, 3.5], "texture": "#0"}
			}
		}
	],
	"display": {
		"thirdperson_righthand": {
			"rotation": [1, 94, 0],
			"translation": [0, 2.5, 1],
			"scale": [0.80664, 0.80664, 0.80664]
		},
		"thirdperson_lefthand": {
			"rotation": [1, 94, 0],
			"translation": [0, 2.5, 1],
			"scale": [0.80664, 0.80664, 0.80664]
		},
		"firstperson_righthand": {
			"rotation": [137.96, 72.35, -136.58],
			"translation": [0, 6.5, 2],
			"scale": [0.54492, 0.54492, 0.54492]
		},
		"firstperson_lefthand": {
			"rotation": [137.96, 72.35, -136.58],
			"translation": [0, 6.5, 2],
			"scale": [0.54492, 0.54492, 0.54492]
		},
		"on_shelf": {
			"rotation": [90, 60, -90],
			"translation": [4.75, 0, 0],
			"scale": [1.67773, 1.67773, 1.67773]
		}
	},
	"groups": [
		{
			"name": "group",
			"origin": [8, 8, 2.25],
			"color": 0,
			"children": [0, 1, 2, 3]
		}
	]
}