{
	"format_version": "1.21.6",
	"credit": "Made with Blockbench",
	"texture_size": [64, 32],
	"textures": {
		"0": "entity/equipment/humanoid_leggings/diamond",
		"1": "entity/equipment/humanoid/diamond",
		"particle": "entity/equipment/humanoid_leggings/diamond"
	},
	"elements": [
		{
			"name": "left_shoe",
			"from": [2.85, 3, 5.25],
			"to": [8.35, 12.75, 10.75],
			"rotation": {"angle": 5, "axis": "x", "origin": [5.6, 12.6875, 8]},
			"faces": {
				"north": {"uv": [2, 10, 1, 14.5], "texture": "#1"},
				"east": {"uv": [3, 10, 2, 14.5], "texture": "#1"},
				"south": {"uv": [4, 10, 3, 14.5], "texture": "#1"},
				"west": {"uv": [1, 10, 0, 14.5], "texture": "#1"},
				"up": {"uv": [1, 10, 2, 8], "texture": "#1"},
				"down": {"uv": [3.25, 8, 4.25, 10], "texture": "#1"}
			}
		},
		{
			"name": "left_leg",
			"from": [3.1, -0.5, 5.5],
			"to": [8.1, 12.5, 10.5],
			"rotation": {"angle": 5, "axis": "x", "origin": [5.6, 12.6875, 8]},
			"faces": {
				"north": {"uv": [2, 10, 1, 16], "texture": "#0"},
				"east": {"uv": [3, 10, 2, 16], "texture": "#0"},
				"south": {"uv": [4, 10, 3, 16], "texture": "#0"},
				"west": {"uv": [1, 10, 0, 16], "texture": "#0"},
				"up": {"uv": [1, 10, 2, 8], "texture": "#0"},
				"down": {"uv": [2, 8, 3, 10], "texture": "#0"}
			}
		},
		{
			"name": "right_shoe",
			"from": [7.15, 3, 5.25],
			"to": [12.65, 12.75, 10.75],
			"rotation": {"angle": -7.5, "axis": "x", "origin": [9.9, 12.8375, 8]},
			"faces": {
				"north": {"uv": [1, 10, 2, 14.5], "texture": "#1"},
				"east": {"uv": [0, 10, 1, 14.5], "texture": "#1"},
				"south": {"uv": [3, 10, 4, 14.5], "texture": "#1"},
				"west": {"uv": [2, 10, 3, 14.5], "texture": "#1"},
				"up": {"uv": [2, 10, 1, 8], "texture": "#1"},
				"down": {"uv": [4, 8, 3, 10], "texture": "#1"}
			}
		},
		{
			"name": "right_leg",
			"from": [7.4, -0.5, 5.5],
			"to": [12.4, 12.5, 10.5],
			"rotation": {"angle": -7.5, "axis": "x", "origin": [9.9, 12.8375, 8]},
			"faces": {
				"north": {"uv": [1, 10, 2, 16], "texture": "#0"},
				"east": {"uv": [0, 10, 1, 16], "texture": "#0"},
				"south": {"uv": [3, 10, 4, 16], "texture": "#0"},
				"west": {"uv": [2, 10, 3, 16], "texture": "#0"},
				"up": {"uv": [2, 10, 1, 8], "texture": "#0"},
				"down": {"uv": [3, 8, 2, 10], "texture": "#0"}
			}
		}
	],
	"display": {
		"thirdperson_righthand": {
			"rotation": [0, 90, 0],
			"translation": [-1.25, 0, 0.25],
			"scale": [0.57813, 0.57813, 0.57813]
		},
		"thirdperson_lefthand": {
			"rotation": [0, 90, 0],
			"translation": [-1.25, 0, 0.25],
			"scale": [0.57813, 0.57813, 0.57813]
		},
		"firstperson_righthand": {
			"rotation": [137.96, 72.35, -136.58],
			"translation": [0, 5, 2],
			"scale": [0.38476, 0.38476, 0.38476]
		},
		"firstperson_lefthand": {
			"rotation": [137.96, 72.35, -136.58],
			"translation": [0, 5, 2],
			"scale": [0.38476, 0.38476, 0.38476]
		}
	},
	"groups": [
		{
			"name": "group",
			"origin": [7.5, 0, 8],
			"color": 0,
			"children": [0, 1]
		},
		{
			"name": "group",
			"origin": [8, 0, 8],
			"color": 0,
			"children": [2, 3]
		}
	]
}