{
    "providers": [
		{
         "type": "bitmap",
         "file": "icons:items/magic/effect.png",
         "ascent": 8,
         "height": 10,
         "chars": [
			"\uDB80\uDD89\uDB80\uDD8A\uDB80\uDD8B\uDB80\uDD8C\uDB80\uDD8D\uDB80\uDD8E\uDB80\uDD8F\uDB80\uDD90",	
            "\uDB80\uDD91\uDB80\uDD92\uDB80\uDD93\uDB80\uDD94\uDB80\uDD95\uDB80\uDD96\uDB80\uDD97\uDB80\uDD98",
			"\uDB80\uDD99\uDB80\uDD9A\uDB80\uDD9B\uDB80\uDD9C\uDB80\uDD9D\uDB80\uDD9E\uDB80\uDD9F\uDB80\uDDA0",
			"\uDB80\uDDA1\uDB80\uDDA2\uDB80\uDDA3\uDB80\uDDA4\uDB80\uDDA5\uDB80\uDDA6\uDB80\uDDA7\uDB80\uDDA8",
			"\uDB80\uDDA9\uDB80\uDDAA\uDB80\uDDAB\uDB80\uDDAC\uDB80\uDDAD\uDB80\uDDAE\uDB80\uDDAF\uDB80\uDDB0"
            ]
        }
    ]
}
