{
	"credit": "Made with Blockbench",
	"textures": {
		"0": "#0",
		"particle": "#particle"
	},
	"elements": [
		{
			"name": "Center post",
			"from": [-2, 0, 6],
			"to": [2, 16, 10],
			"rotation": {"angle": 0, "axis": "y", "origin": [8, 0, 0]},
			"faces": {
				"north": {"uv": [0, 0, 4, 16], "texture": "#0"},
				"east": {"uv": [0, 0, 4, 16], "texture": "#0"},
				"south": {"uv": [0, 0, 4, 16], "texture": "#0"},
				"west": {"uv": [0, 0, 4, 16], "texture": "#0"},
				"up": {"uv": [4, 0, 8, 4], "rotation": 90, "texture": "#0", "cullface": "up"},
				"down": {"uv": [4, 0, 8, 4], "rotation": 270, "texture": "#0", "cullface": "down"}
			}
		},
		{
			"name": "Center post",
			"from": [14, 0, 6],
			"to": [18, 16, 10],
			"rotation": {"angle": 0, "axis": "y", "origin": [24, 0, 0]},
			"faces": {
				"north": {"uv": [0, 0, 4, 16], "texture": "#0"},
				"east": {"uv": [0, 0, 4, 16], "texture": "#0"},
				"south": {"uv": [0, 0, 4, 16], "texture": "#0"},
				"west": {"uv": [0, 0, 4, 16], "texture": "#0"},
				"up": {"uv": [4, 0, 8, 4], "rotation": 90, "texture": "#0", "cullface": "up"},
				"down": {"uv": [4, 0, 8, 4], "rotation": 270, "texture": "#0", "cullface": "down"}
			}
		},
		{
			"name": "lower bar",
			"from": [-1, 1, 7],
			"to": [8, 3, 9],
			"rotation": {"angle": 0, "axis": "y", "origin": [8, 0, 0]},
			"faces": {
				"north": {"uv": [1, 4, 3, 13], "rotation": 90, "texture": "#0"},
				"east": {"uv": [1, 7, 3, 10], "texture": "#0", "cullface": "north"},
				"south": {"uv": [1, 4, 3, 13], "rotation": 90, "texture": "#0"},
				"up": {"uv": [1, 4, 3, 13], "rotation": 90, "texture": "#0"},
				"down": {"uv": [1, 4, 3, 13], "rotation": 270, "texture": "#0"}
			}
		},
		{
			"name": "top bar",
			"from": [-1, 13, 7],
			"to": [8, 15, 9],
			"rotation": {"angle": 0, "axis": "y", "origin": [8, 0, 0]},
			"faces": {
				"north": {"uv": [1, 4, 3, 13], "rotation": 90, "texture": "#0"},
				"east": {"uv": [1, 7, 3, 10], "texture": "#0", "cullface": "north"},
				"south": {"uv": [1, 4, 3, 13], "rotation": 90, "texture": "#0"},
				"up": {"uv": [1, 4, 3, 13], "rotation": 90, "texture": "#0"},
				"down": {"uv": [1, 4, 3, 13], "rotation": 270, "texture": "#0"}
			}
		},
		{
			"name": "lower bar",
			"from": [8, 1, 7],
			"to": [17, 3, 9],
			"rotation": {"angle": 0, "axis": "y", "origin": [11.75, 8, 8]},
			"faces": {
				"north": {"uv": [1, 4, 3, 13], "rotation": 90, "texture": "#0"},
				"south": {"uv": [1, 4, 3, 13], "rotation": 90, "texture": "#0"},
				"west": {"uv": [1, 7, 3, 10], "texture": "#0", "cullface": "north"},
				"up": {"uv": [1, 4, 3, 13], "rotation": 270, "texture": "#0"},
				"down": {"uv": [1, 4, 3, 13], "rotation": 90, "texture": "#0"}
			}
		},
		{
			"from": [2, 3, 8],
			"to": [14, 13, 8],
			"rotation": {"angle": 0, "axis": "y", "origin": [11.75, 8, 8]},
			"faces": {
				"north": {"uv": [4, 6, 16, 16], "texture": "#0"},
				"east": {"uv": [0, 0, 0, 10], "texture": "#0"},
				"south": {"uv": [4, 6, 16, 16], "texture": "#0"},
				"west": {"uv": [0, 0, 0, 10], "texture": "#0"},
				"up": {"uv": [0, 0, 0, 6], "rotation": 270, "texture": "#0"},
				"down": {"uv": [0, 0, 0, 6], "rotation": 90, "texture": "#0"}
			}
		},
		{
			"name": "top bar",
			"from": [8, 13, 7],
			"to": [17, 15, 9],
			"rotation": {"angle": 0, "axis": "y", "origin": [11.75, 8, 8]},
			"faces": {
				"north": {"uv": [1, 4, 3, 13], "rotation": 90, "texture": "#0"},
				"south": {"uv": [1, 4, 3, 13], "rotation": 90, "texture": "#0"},
				"west": {"uv": [1, 7, 3, 10], "texture": "#0", "cullface": "north"},
				"up": {"uv": [1, 4, 3, 13], "rotation": 270, "texture": "#0"},
				"down": {"uv": [1, 4, 3, 13], "rotation": 90, "texture": "#0"}
			}
		}
	],
	"display": {
		"thirdperson_righthand": {
			"rotation": [75, 45, 0],
			"translation": [0, 2.5, 0],
			"scale": [0.375, 0.375, 0.375]
		},
		"thirdperson_lefthand": {
			"rotation": [75, 45, 0],
			"translation": [0, 2.5, 0],
			"scale": [0.375, 0.375, 0.375]
		},
		"firstperson_righthand": {
			"rotation": [0, -45, 0],
			"scale": [0.4, 0.4, 0.4]
		},
		"firstperson_lefthand": {
			"rotation": [0, -45, 0],
			"scale": [0.4, 0.4, 0.4]
		},
		"ground": {
			"translation": [0, 3, 0],
			"scale": [0.25, 0.25, 0.25]
		},
		"gui": {
			"rotation": [30, 225, 0],
			"scale": [0.625, 0.625, 0.625]
		},
		"head": {
			"translation": [0, 0, -7.25]
		},
		"fixed": {
			"translation": [0, 0, -1],
			"scale": [0.5, 0.5, 0.5]
		}
	}
}