{
  "variants": {
    "lit=false,powered=false": {
      "model": "minecraft:block/weathered_copper_bulb"
    },
    "lit=false,powered=true": {
      "model": "minecraft:block/weathered_copper_bulb_powered"
    },
    "lit=true,powered=false": [
	{
      	    "model": "minecraft:block/weathered_copper_bulb_lit"
    	},
	{
      	    "model": "minecraft:block/weathered_copper_bulb_lit_1"
    	}
    ],
    "lit=true,powered=true": {
      "model": "minecraft:block/weathered_copper_bulb_lit_powered"
    }
  }
}