{
  "model": {
    "type": "minecraft:select",
    "property": "minecraft:display_context",
    "cases": [
      {
        "when": [
          "gui",
          "fixed",
          "ground"
        ],
        "model": {
          "type": "minecraft:model",
          "model": "minecraft:item/enchanted_books/writable_book"
        }
      },
      {
        "when": [
          "firstperson_righthand",
          "thirdperson_righthand"
        ],
        "model": {
          "type": "minecraft:condition",
          "property": "minecraft:component",
          "predicate": "minecraft:writable_book_content",
          "value": {
            "pages": {
              "size": 1
            }
          },
          "on_true": {
            "type": "minecraft:model",
            "model": "minecraft:item/books_3d/writable_book_3d_open"
          },
          "on_false": {
            "type": "minecraft:model",
            "model": "minecraft:item/books_3d/writable_book_3d_contents_open"
          }
        }
      },
      {
        "when": [
          "firstperson_lefthand",
          "thirdperson_lefthand",
          "head"
        ],
        "model": {
          "type": "minecraft:model",
          "model": "minecraft:item/books_3d/writable_book_3d"
        }
      }
    ],
    "fallback": {
      "type": "minecraft:model",
      "model": "minecraft:item/writable_book"
    }
  }
}