{
	"snow": {
		"layer": true,
		"block_state": {
			"multipart": [
				{
					"apply": {
						"model": "minecraft:block/crimson/snowy/crimson_fence_post"
					}
				},
				{
					"when": {
						"north": "true"
					},
					"apply": {
						"model": "minecraft:block/crimson/snowy/crimson_fence_side"
					}
				},
				{
					"when": {
						"east": "true"
					},
					"apply": {
						"model": "minecraft:block/crimson/snowy/crimson_fence_side",
						"y": 90
					}
				},
				{
					"when": {
						"south": "true"
					},
					"apply": {
						"model": "minecraft:block/crimson/snowy/crimson_fence_side",
						"y": 180
					}
				},
				{
					"when": {
						"west": "true"
					},
					"apply": {
						"model": "minecraft:block/crimson/snowy/crimson_fence_side",
						"y": 270
					}
				}
			]
		}
	},
	"moss": {
		"layer": true,
		"block_state": {
			"multipart": [
				{
					"apply": {
						"model": "minecraft:block/crimson/mossy/crimson_fence_post"
					}
				},
				{
					"when": {
						"north": "true"
					},
					"apply": {
						"model": "minecraft:block/crimson/mossy/crimson_fence_side"
					}
				},
				{
					"when": {
						"east": "true"
					},
					"apply": {
						"model": "minecraft:block/crimson/mossy/crimson_fence_side",
						"y": 90
					}
				},
				{
					"when": {
						"south": "true"
					},
					"apply": {
						"model": "minecraft:block/crimson/mossy/crimson_fence_side",
						"y": 180
					}
				},
				{
					"when": {
						"west": "true"
					},
					"apply": {
						"model": "minecraft:block/crimson/mossy/crimson_fence_side",
						"y": 270
					}
				}
			]
		}
	},
	"pale_moss": {
		"layer": true,
		"block_state": {
			"multipart": [
				{
					"apply": {
						"model": "minecraft:block/crimson/pale_mossy/crimson_fence_post"
					}
				},
				{
					"when": {
						"north": "true"
					},
					"apply": {
						"model": "minecraft:block/crimson/pale_mossy/crimson_fence_side"
					}
				},
				{
					"when": {
						"east": "true"
					},
					"apply": {
						"model": "minecraft:block/crimson/pale_mossy/crimson_fence_side",
						"y": 90
					}
				},
				{
					"when": {
						"south": "true"
					},
					"apply": {
						"model": "minecraft:block/crimson/pale_mossy/crimson_fence_side",
						"y": 180
					}
				},
				{
					"when": {
						"west": "true"
					},
					"apply": {
						"model": "minecraft:block/crimson/pale_mossy/crimson_fence_side",
						"y": 270
					}
				}
			]
		}
	},
	"sculk": {
		"layer": true,
		"block_state": {
			"multipart": [
				{
					"apply": {
						"model": "minecraft:block/crimson/sculk/crimson_fence_post"
					}
				},
				{
					"when": {
						"north": "true"
					},
					"apply": {
						"model": "minecraft:block/crimson/sculk/crimson_fence_side"
					}
				},
				{
					"when": {
						"east": "true"
					},
					"apply": {
						"model": "minecraft:block/crimson/sculk/crimson_fence_side",
						"y": 90
					}
				},
				{
					"when": {
						"south": "true"
					},
					"apply": {
						"model": "minecraft:block/crimson/sculk/crimson_fence_side",
						"y": 180
					}
				},
				{
					"when": {
						"west": "true"
					},
					"apply": {
						"model": "minecraft:block/crimson/sculk/crimson_fence_side",
						"y": 270
					}
				}
			]
		}
	}
}
