{
	"format_version": "1.9.0",
	"credit": "Made by bebebea_loste with Blockbench",
	"texture_size": [64, 64],
	"textures": {
		"0": "entity/bed/pink",
		"1": "block/bed_post",
		"particle": "entity/bed/pink"
	},
	"elements": [
		{
			"from": [0, 0, -8],
			"to": [3, 3, -5],
			"rotation": {"angle": 0, "axis": "y", "origin": [1.5, 0, -6.5]},
			"faces": {
				"north": {"uv": [12.5, 3.75, 13.25, 4.5], "texture": "#0"},
				"east": {"uv": [14.75, 3.75, 15.5, 4.5], "texture": "#0"},
				"south": {"uv": [14, 3.75, 14.75, 4.5], "texture": "#0"},
				"west": {"uv": [13.25, 3.75, 14, 4.5], "texture": "#0"},
				"down": {"uv": [14, 3, 14.75, 3.75], "texture": "#0"}
			}
		},
		{
			"from": [0, 0, 21],
			"to": [3, 3, 24],
			"rotation": {"angle": 0, "axis": "y", "origin": [1.5, 0, 22.5]},
			"faces": {
				"north": {"uv": [14.75, 5.25, 15.5, 6], "texture": "#0"},
				"east": {"uv": [14, 5.25, 14.75, 6], "texture": "#0"},
				"south": {"uv": [13.25, 5.25, 14, 6], "texture": "#0"},
				"west": {"uv": [12.5, 5.25, 13.25, 6], "texture": "#0"},
				"down": {"uv": [14, 4.5, 14.75, 5.25], "rotation": 90, "texture": "#0"}
			}
		},
		{
			"from": [13, 0, 21],
			"to": [16, 3, 24],
			"rotation": {"angle": 0, "axis": "y", "origin": [14.5, 0, 22.5]},
			"faces": {
				"north": {"uv": [14, 2.25, 14.75, 3], "texture": "#0"},
				"east": {"uv": [13.25, 2.25, 14, 3], "texture": "#0"},
				"south": {"uv": [12.5, 2.25, 13.25, 3], "texture": "#0"},
				"west": {"uv": [14.75, 2.25, 15.5, 3], "texture": "#0"},
				"down": {"uv": [14, 1.5, 14.75, 2.25], "rotation": 180, "texture": "#0"}
			}
		},
		{
			"from": [13, 0, -8],
			"to": [16, 3, -5],
			"rotation": {"angle": 0, "axis": "y", "origin": [14.5, 0, -6.5]},
			"faces": {
				"north": {"uv": [13.25, 0.75, 14, 1.5], "texture": "#0"},
				"east": {"uv": [12.5, 0.75, 13.25, 1.5], "texture": "#0"},
				"south": {"uv": [14.75, 0.75, 15.5, 1.5], "texture": "#0"},
				"west": {"uv": [14, 0.75, 14.75, 1.5], "texture": "#0"},
				"down": {"uv": [14, 0, 14.75, 0.75], "rotation": 270, "texture": "#0"}
			}
		},
		{
			"from": [0, 3, -8],
			"to": [16, 9, 8],
			"rotation": {"angle": 0, "axis": "y", "origin": [0, 3, -8]},
			"faces": {
				"north": {"uv": [5.5, 5.5, 9.5, 7], "rotation": 180, "texture": "#0"},
				"east": {"uv": [0, 7, 1.5, 11], "rotation": 270, "texture": "#0"},
				"south": {"uv": [0, 0, 16, 6], "texture": "#0"},
				"west": {"uv": [5.5, 7, 7, 11], "rotation": 90, "texture": "#0"},
				"up": {"uv": [1.5, 7, 5.5, 11], "rotation": 180, "texture": "#0"},
				"down": {"uv": [7, 7, 11, 11], "texture": "#0"}
			}
		},
		{
			"from": [0, 3, 8],
			"to": [16, 9, 24],
			"rotation": {"angle": 0, "axis": "y", "origin": [0, 3, 8]},
			"faces": {
				"north": {"uv": [0, 0, 16, 6], "texture": "#0"},
				"east": {"uv": [0, 1.5, 1.5, 5.5], "rotation": 270, "texture": "#0"},
				"south": {"uv": [1.5, 0, 5.5, 1.5], "rotation": 180, "texture": "#0"},
				"west": {"uv": [5.5, 1.5, 7, 5.5], "rotation": 90, "texture": "#0"},
				"up": {"uv": [1.5, 1.5, 5.5, 5.5], "rotation": 180, "texture": "#0"},
				"down": {"uv": [7, 1.5, 11, 5.5], "texture": "#0"}
			}
		},
		{
			"from": [13, 9, 21],
			"to": [16, 11, 24],
			"rotation": {"angle": 0, "axis": "y", "origin": [14.5, 10, 22.5]},
			"faces": {
				"north": {"uv": [3, 4, 6, 6], "texture": "#1"},
				"east": {"uv": [0, 3, 3, 5], "texture": "#1"},
				"south": {"uv": [3, 0, 6, 2], "texture": "#1"},
				"west": {"uv": [3, 2, 6, 4], "texture": "#1"},
				"up": {"uv": [3, 3, 0, 0], "rotation": 90, "texture": "#1"},
				"down": {"uv": [3, 0, 0, 3], "rotation": 270, "texture": "#1"}
			}
		},
		{
			"from": [13, 9, -8],
			"to": [16, 11, -5],
			"rotation": {"angle": 0, "axis": "y", "origin": [14.5, 10, -6.5]},
			"faces": {
				"north": {"uv": [0, 3, 3, 5], "texture": "#1"},
				"east": {"uv": [3, 0, 6, 2], "texture": "#1"},
				"south": {"uv": [3, 2, 6, 4], "texture": "#1"},
				"west": {"uv": [3, 4, 6, 6], "texture": "#1"},
				"up": {"uv": [3, 3, 0, 0], "texture": "#1"},
				"down": {"uv": [3, 0, 0, 3], "texture": "#1"}
			}
		},
		{
			"from": [0, 9, -8],
			"to": [3, 11, -5],
			"rotation": {"angle": 0, "axis": "y", "origin": [1.5, 9, -6.5]},
			"faces": {
				"north": {"uv": [3, 0, 6, 2], "texture": "#1"},
				"east": {"uv": [3, 2, 6, 4], "texture": "#1"},
				"south": {"uv": [3, 4, 6, 6], "texture": "#1"},
				"west": {"uv": [0, 3, 3, 5], "texture": "#1"},
				"up": {"uv": [3, 3, 0, 0], "rotation": 270, "texture": "#1"},
				"down": {"uv": [3, 0, 0, 3], "rotation": 90, "texture": "#1"}
			}
		},
		{
			"from": [0, 9, 21],
			"to": [3, 11, 24],
			"rotation": {"angle": 0, "axis": "y", "origin": [1.5, 9, 22.5]},
			"faces": {
				"north": {"uv": [3, 2, 6, 4], "texture": "#1"},
				"east": {"uv": [3, 4, 6, 6], "texture": "#1"},
				"south": {"uv": [0, 3, 3, 5], "texture": "#1"},
				"west": {"uv": [3, 0, 6, 2], "texture": "#1"},
				"up": {"uv": [3, 3, 0, 0], "rotation": 180, "texture": "#1"},
				"down": {"uv": [3, 0, 0, 3], "rotation": 180, "texture": "#1"}
			}
		},
		{
			"from": [3, 9, -8],
			"to": [13, 11, -7],
			"rotation": {"angle": 0, "axis": "y", "origin": [3, 9, -8]},
			"faces": {
				"north": {"uv": [6.25, 5.5, 8.75, 6], "texture": "#0"},
				"east": {"uv": [0, 0, 0.25, 0.5], "texture": "#0"},
				"south": {"uv": [6.25, 5.5, 8.75, 6], "texture": "#0"},
				"west": {"uv": [0, 0, 0.25, 0.5], "texture": "#0"},
				"up": {"uv": [6.25, 6.75, 8.75, 7], "texture": "#0"},
				"down": {"uv": [0, 0, 2.5, 0.25], "texture": "#0"}
			}
		},
		{
			"from": [3, 9, 23],
			"to": [13, 11, 24],
			"rotation": {"angle": 0, "axis": "y", "origin": [3, 9, 23]},
			"faces": {
				"north": {"uv": [6.25, 5.5, 8.75, 6], "texture": "#0"},
				"east": {"uv": [0, 0, 0.25, 0.5], "texture": "#0"},
				"south": {"uv": [6.25, 5.5, 8.75, 6], "texture": "#0"},
				"west": {"uv": [0, 0, 0.25, 0.5], "texture": "#0"},
				"up": {"uv": [6.25, 6.75, 8.75, 7], "texture": "#0"},
				"down": {"uv": [0, 0, 2.5, 0.25], "texture": "#0"}
			}
		}
	],
	"groups": [
		0,
		1,
		2,
		3,
		4,
		5,
		{
			"name": "posts",
			"origin": [14.5, 10, 30.5],
			"color": 0,
			"children": [6, 7, 8, 9]
		},
		10,
		11
	]
}