{
	"format_version": "1.9.0",
	"credit": "Made by bebebea_loste with Blockbench",
	"ambientocclusion": false,
	"textures": {
		"post": "minecraft:block/bed_post",
		"particle": "minecraft:block/oak_planks"
	},
	"elements": [
		{
			"from": [0, 9, 13],
			"to": [3, 11, 16],
			"rotation": {"angle": 0, "axis": "y", "origin": [1.5, 9, 14.5]},
			"faces": {
				"north": {"uv": [3, 2, 6, 4], "texture": "#post"},
				"east": {"uv": [3, 4, 6, 6], "texture": "#post"},
				"south": {"uv": [0, 3, 3, 5], "texture": "#post"},
				"west": {"uv": [3, 0, 6, 2], "texture": "#post"},
				"up": {"uv": [3, 3, 0, 0], "rotation": 180, "texture": "#post"},
				"down": {"uv": [3, 0, 0, 3], "rotation": 180, "texture": "#post"}
			}
		},
		{
			"from": [13, 9, 13],
			"to": [16, 11, 16],
			"rotation": {"angle": 0, "axis": "y", "origin": [14.5, 10, 14.5]},
			"faces": {
				"north": {"uv": [3, 4, 6, 6], "texture": "#post"},
				"east": {"uv": [0, 3, 3, 5], "texture": "#post"},
				"south": {"uv": [3, 0, 6, 2], "texture": "#post"},
				"west": {"uv": [3, 2, 6, 4], "texture": "#post"},
				"up": {"uv": [3, 3, 0, 0], "rotation": 90, "texture": "#post"},
				"down": {"uv": [3, 0, 0, 3], "rotation": 270, "texture": "#post"}
			}
		}
	]
}