{
    "credit": "Bray was here :)",
    "parent": "minecraft:item/books_3d/template_book_closed",
    "texture_size": [
        32,
        32
    ],
    "textures": {
        "0": "item/books_3d/curse_of_binding_3d",
        "particle": "item/books_3d/curse_of_binding_3d"
    },
    "elements": [
        {
            "name": "paper",
            "from": [
                4.5,
                7,
                3.5
            ],
            "to": [
                11,
                9,
                12.5
            ],
            "rotation": {
                "angle": 0,
                "axis": "y",
                "origin": [
                    9.625,
                    8,
                    8
                ]
            },
            "faces": {
                "north": {
                    "uv": [
                        0,
                        13.5,
                        3,
                        14.5
                    ],
                    "texture": "#0"
                },
                "south": {
                    "uv": [
                        0,
                        14.5,
                        3,
                        15.5
                    ],
                    "texture": "#0"
                },
                "west": {
                    "uv": [
                        0,
                        12.5,
                        4.5,
                        13.5
                    ],
                    "texture": "#0"
                }
            }
        },
        {
            "from": [
                4,
                9,
                3
            ],
            "to": [
                12,
                10,
                13
            ],
            "rotation": {
                "angle": 0,
                "axis": "y",
                "origin": [
                    10,
                    8,
                    11
                ]
            },
            "faces": {
                "north": {
                    "uv": [
                        0,
                        10,
                        4,
                        10.5
                    ],
                    "texture": "#0"
                },
                "east": {
                    "uv": [
                        5.5,
                        0,
                        6,
                        5
                    ],
                    "rotation": 270,
                    "texture": "#0"
                },
                "south": {
                    "uv": [
                        6,
                        10,
                        10,
                        10.5
                    ],
                    "texture": "#0"
                },
                "west": {
                    "uv": [
                        10,
                        0,
                        10.5,
                        5
                    ],
                    "rotation": 90,
                    "texture": "#0"
                },
                "up": {
                    "uv": [
                        6,
                        0,
                        10,
                        5
                    ],
                    "rotation": 180,
                    "texture": "#0"
                },
                "down": {
                    "uv": [
                        6,
                        5,
                        10,
                        10
                    ],
                    "texture": "#0"
                }
            }
        },
        {
            "from": [
                4,
                6,
                3
            ],
            "to": [
                12,
                7,
                13
            ],
            "rotation": {
                "angle": 0,
                "axis": "y",
                "origin": [
                    10,
                    5,
                    11
                ]
            },
            "faces": {
                "north": {
                    "uv": [
                        0,
                        11.5,
                        4,
                        12
                    ],
                    "texture": "#0"
                },
                "east": {
                    "uv": [
                        4,
                        0,
                        4.5,
                        5
                    ],
                    "rotation": 270,
                    "texture": "#0"
                },
                "south": {
                    "uv": [
                        6,
                        11.5,
                        10,
                        12
                    ],
                    "texture": "#0"
                },
                "west": {
                    "uv": [
                        11.5,
                        0,
                        12,
                        5
                    ],
                    "rotation": 90,
                    "texture": "#0"
                },
                "up": {
                    "uv": [
                        0,
                        5,
                        4,
                        10
                    ],
                    "texture": "#0"
                },
                "down": {
                    "uv": [
                        0,
                        0,
                        4,
                        5
                    ],
                    "texture": "#0"
                }
            }
        },
        {
            "from": [
                11,
                7,
                3
            ],
            "to": [
                12,
                9,
                13
            ],
            "rotation": {
                "angle": 0,
                "axis": "y",
                "origin": [
                    10,
                    6,
                    11
                ]
            },
            "faces": {
                "north": {
                    "uv": [
                        0,
                        10.5,
                        0.5,
                        11.5
                    ],
                    "texture": "#0"
                },
                "east": {
                    "uv": [
                        4.5,
                        0,
                        5.5,
                        5
                    ],
                    "rotation": 270,
                    "texture": "#0"
                },
                "south": {
                    "uv": [
                        9.5,
                        10.5,
                        10,
                        11.5
                    ],
                    "texture": "#0"
                },
                "west": {
                    "uv": [
                        10.5,
                        0,
                        11.5,
                        5
                    ],
                    "rotation": 90,
                    "texture": "#0"
                }
            }
        },
        {
            "from": [
                6.5,
                10,
                6.5
            ],
            "to": [
                9.5,
                10.5,
                9.5
            ],
            "rotation": {
                "angle": 0,
                "axis": "y",
                "origin": [
                    8,
                    8,
                    8
                ]
            },
            "faces": {
                "north": {
                    "uv": [
                        12,
                        1,
                        13.5,
                        1.5
                    ],
                    "texture": "#0"
                },
                "east": {
                    "uv": [
                        12,
                        0,
                        12.5,
                        1.5
                    ],
                    "rotation": 270,
                    "texture": "#0"
                },
                "south": {
                    "uv": [
                        12,
                        0,
                        13.5,
                        0.5
                    ],
                    "rotation": 180,
                    "texture": "#0"
                },
                "west": {
                    "uv": [
                        13,
                        0,
                        13.5,
                        1.5
                    ],
                    "rotation": 90,
                    "texture": "#0"
                },
                "up": {
                    "uv": [
                        12,
                        0,
                        13.5,
                        1.5
                    ],
                    "rotation": 180,
                    "texture": "#0"
                },
                "down": {
                    "uv": [
                        12,
                        0,
                        13.5,
                        1.5
                    ],
                    "rotation": 180,
                    "texture": "#0"
                }
            }
        },
        {
            "from": [
                3.5,
                10,
                6.5
            ],
            "to": [
                6,
                10.5,
                9.5
            ],
            "rotation": {
                "angle": 0,
                "axis": "y",
                "origin": [
                    8,
                    8,
                    8
                ]
            },
            "faces": {
                "north": {
                    "uv": [
                        12,
                        1,
                        13.5,
                        1.5
                    ],
                    "texture": "#0"
                },
                "east": {
                    "uv": [
                        12,
                        0,
                        12.5,
                        1.5
                    ],
                    "rotation": 270,
                    "texture": "#0"
                },
                "south": {
                    "uv": [
                        12,
                        0,
                        13.5,
                        0.5
                    ],
                    "rotation": 180,
                    "texture": "#0"
                },
                "west": {
                    "uv": [
                        13,
                        0,
                        13.5,
                        1.5
                    ],
                    "rotation": 90,
                    "texture": "#0"
                },
                "up": {
                    "uv": [
                        12,
                        0,
                        13.5,
                        1.5
                    ],
                    "rotation": 180,
                    "texture": "#0"
                },
                "down": {
                    "uv": [
                        12,
                        0,
                        13.5,
                        1.5
                    ],
                    "rotation": 180,
                    "texture": "#0"
                }
            }
        },
        {
            "from": [
                10,
                10,
                6.5
            ],
            "to": [
                12.5,
                10.5,
                9.5
            ],
            "rotation": {
                "angle": 0,
                "axis": "y",
                "origin": [
                    8,
                    8,
                    8
                ]
            },
            "faces": {
                "north": {
                    "uv": [
                        12,
                        1,
                        13.5,
                        1.5
                    ],
                    "texture": "#0"
                },
                "east": {
                    "uv": [
                        12,
                        0,
                        12.5,
                        1.5
                    ],
                    "rotation": 270,
                    "texture": "#0"
                },
                "south": {
                    "uv": [
                        12,
                        0,
                        13.5,
                        0.5
                    ],
                    "rotation": 180,
                    "texture": "#0"
                },
                "west": {
                    "uv": [
                        13,
                        0,
                        13.5,
                        1.5
                    ],
                    "rotation": 90,
                    "texture": "#0"
                },
                "up": {
                    "uv": [
                        12,
                        0,
                        13.5,
                        1.5
                    ],
                    "rotation": 180,
                    "texture": "#0"
                },
                "down": {
                    "uv": [
                        12,
                        0,
                        13.5,
                        1.5
                    ],
                    "rotation": 180,
                    "texture": "#0"
                }
            }
        },
        {
            "from": [
                3.5,
                5.5,
                6.5
            ],
            "to": [
                6,
                6,
                9.5
            ],
            "rotation": {
                "angle": 0,
                "axis": "y",
                "origin": [
                    8,
                    8,
                    8
                ]
            },
            "faces": {
                "north": {
                    "uv": [
                        12,
                        1,
                        13.5,
                        1.5
                    ],
                    "texture": "#0"
                },
                "east": {
                    "uv": [
                        12,
                        0,
                        12.5,
                        1.5
                    ],
                    "rotation": 270,
                    "texture": "#0"
                },
                "south": {
                    "uv": [
                        12,
                        0,
                        13.5,
                        0.5
                    ],
                    "rotation": 180,
                    "texture": "#0"
                },
                "west": {
                    "uv": [
                        13,
                        0,
                        13.5,
                        1.5
                    ],
                    "rotation": 90,
                    "texture": "#0"
                },
                "up": {
                    "uv": [
                        12,
                        0,
                        13.5,
                        1.5
                    ],
                    "rotation": 180,
                    "texture": "#0"
                },
                "down": {
                    "uv": [
                        12,
                        0,
                        13.5,
                        1.5
                    ],
                    "rotation": 180,
                    "texture": "#0"
                }
            }
        },
        {
            "from": [
                6.5,
                5.5,
                6.5
            ],
            "to": [
                9.5,
                6,
                9.5
            ],
            "rotation": {
                "angle": 0,
                "axis": "y",
                "origin": [
                    8,
                    8,
                    8
                ]
            },
            "faces": {
                "north": {
                    "uv": [
                        12,
                        1,
                        13.5,
                        1.5
                    ],
                    "texture": "#0"
                },
                "east": {
                    "uv": [
                        12,
                        0,
                        12.5,
                        1.5
                    ],
                    "rotation": 270,
                    "texture": "#0"
                },
                "south": {
                    "uv": [
                        12,
                        0,
                        13.5,
                        0.5
                    ],
                    "rotation": 180,
                    "texture": "#0"
                },
                "west": {
                    "uv": [
                        13,
                        0,
                        13.5,
                        1.5
                    ],
                    "rotation": 90,
                    "texture": "#0"
                },
                "up": {
                    "uv": [
                        12,
                        0,
                        13.5,
                        1.5
                    ],
                    "rotation": 180,
                    "texture": "#0"
                },
                "down": {
                    "uv": [
                        12,
                        0,
                        13.5,
                        1.5
                    ],
                    "rotation": 180,
                    "texture": "#0"
                }
            }
        },
        {
            "from": [
                10,
                5.5,
                6.5
            ],
            "to": [
                12.5,
                6,
                9.5
            ],
            "rotation": {
                "angle": 0,
                "axis": "y",
                "origin": [
                    8,
                    8,
                    8
                ]
            },
            "faces": {
                "north": {
                    "uv": [
                        12,
                        1,
                        13.5,
                        1.5
                    ],
                    "texture": "#0"
                },
                "east": {
                    "uv": [
                        12,
                        0,
                        12.5,
                        1.5
                    ],
                    "rotation": 270,
                    "texture": "#0"
                },
                "south": {
                    "uv": [
                        12,
                        0,
                        13.5,
                        0.5
                    ],
                    "rotation": 180,
                    "texture": "#0"
                },
                "west": {
                    "uv": [
                        13,
                        0,
                        13.5,
                        1.5
                    ],
                    "rotation": 90,
                    "texture": "#0"
                },
                "up": {
                    "uv": [
                        12,
                        0,
                        13.5,
                        1.5
                    ],
                    "rotation": 180,
                    "texture": "#0"
                },
                "down": {
                    "uv": [
                        12,
                        0,
                        13.5,
                        1.5
                    ],
                    "rotation": 180,
                    "texture": "#0"
                }
            }
        },
        {
            "from": [
                8.25,
                9.25,
                7.5
            ],
            "to": [
                11.25,
                10.75,
                8.5
            ],
            "rotation": {
                "angle": 0,
                "axis": "y",
                "origin": [
                    8,
                    8,
                    8
                ]
            },
            "faces": {
                "north": {
                    "uv": [
                        12,
                        0,
                        13.5,
                        1.5
                    ],
                    "texture": "#0"
                },
                "east": {
                    "uv": [
                        12,
                        0,
                        12.5,
                        1.5
                    ],
                    "texture": "#0"
                },
                "south": {
                    "uv": [
                        12,
                        0,
                        13.5,
                        1.5
                    ],
                    "rotation": 180,
                    "texture": "#0"
                },
                "west": {
                    "uv": [
                        13,
                        0,
                        13.5,
                        1.5
                    ],
                    "texture": "#0"
                },
                "up": {
                    "uv": [
                        12,
                        0,
                        13.5,
                        0.5
                    ],
                    "rotation": 180,
                    "texture": "#0"
                },
                "down": {
                    "uv": [
                        12,
                        1,
                        13.5,
                        1.5
                    ],
                    "rotation": 180,
                    "texture": "#0"
                }
            }
        },
        {
            "from": [
                4.75,
                9.25,
                7.5
            ],
            "to": [
                7.75,
                10.75,
                8.5
            ],
            "rotation": {
                "angle": 0,
                "axis": "y",
                "origin": [
                    8,
                    8,
                    8
                ]
            },
            "faces": {
                "north": {
                    "uv": [
                        12,
                        0,
                        13.5,
                        1.5
                    ],
                    "texture": "#0"
                },
                "east": {
                    "uv": [
                        12,
                        0,
                        12.5,
                        1.5
                    ],
                    "texture": "#0"
                },
                "south": {
                    "uv": [
                        12,
                        0,
                        13.5,
                        1.5
                    ],
                    "rotation": 180,
                    "texture": "#0"
                },
                "west": {
                    "uv": [
                        13,
                        0,
                        13.5,
                        1.5
                    ],
                    "texture": "#0"
                },
                "up": {
                    "uv": [
                        12,
                        0,
                        13.5,
                        0.5
                    ],
                    "rotation": 180,
                    "texture": "#0"
                },
                "down": {
                    "uv": [
                        12,
                        1,
                        13.5,
                        1.5
                    ],
                    "rotation": 180,
                    "texture": "#0"
                }
            }
        },
        {
            "from": [
                4.75,
                5.25,
                7.5
            ],
            "to": [
                7.75,
                6.75,
                8.5
            ],
            "rotation": {
                "angle": 0,
                "axis": "y",
                "origin": [
                    8,
                    8,
                    8
                ]
            },
            "faces": {
                "north": {
                    "uv": [
                        12,
                        0,
                        13.5,
                        1.5
                    ],
                    "texture": "#0"
                },
                "east": {
                    "uv": [
                        12,
                        0,
                        12.5,
                        1.5
                    ],
                    "texture": "#0"
                },
                "south": {
                    "uv": [
                        12,
                        0,
                        13.5,
                        1.5
                    ],
                    "rotation": 180,
                    "texture": "#0"
                },
                "west": {
                    "uv": [
                        13,
                        0,
                        13.5,
                        1.5
                    ],
                    "texture": "#0"
                },
                "up": {
                    "uv": [
                        12,
                        0,
                        13.5,
                        0.5
                    ],
                    "rotation": 180,
                    "texture": "#0"
                },
                "down": {
                    "uv": [
                        12,
                        1,
                        13.5,
                        1.5
                    ],
                    "rotation": 180,
                    "texture": "#0"
                }
            }
        },
        {
            "from": [
                8.25,
                5.25,
                7.5
            ],
            "to": [
                11.25,
                6.75,
                8.5
            ],
            "rotation": {
                "angle": 0,
                "axis": "y",
                "origin": [
                    8,
                    8,
                    8
                ]
            },
            "faces": {
                "north": {
                    "uv": [
                        12,
                        0,
                        13.5,
                        1.5
                    ],
                    "texture": "#0"
                },
                "east": {
                    "uv": [
                        12,
                        0,
                        12.5,
                        1.5
                    ],
                    "texture": "#0"
                },
                "south": {
                    "uv": [
                        12,
                        0,
                        13.5,
                        1.5
                    ],
                    "rotation": 180,
                    "texture": "#0"
                },
                "west": {
                    "uv": [
                        13,
                        0,
                        13.5,
                        1.5
                    ],
                    "texture": "#0"
                },
                "up": {
                    "uv": [
                        12,
                        0,
                        13.5,
                        0.5
                    ],
                    "rotation": 180,
                    "texture": "#0"
                },
                "down": {
                    "uv": [
                        12,
                        1,
                        13.5,
                        1.5
                    ],
                    "rotation": 180,
                    "texture": "#0"
                }
            }
        },
        {
            "from": [
                3,
                8.25,
                7.5
            ],
            "to": [
                4.5,
                10.75,
                8.5
            ],
            "rotation": {
                "angle": 0,
                "axis": "y",
                "origin": [
                    8,
                    8,
                    8
                ]
            },
            "faces": {
                "north": {
                    "uv": [
                        12,
                        0,
                        13.5,
                        1.5
                    ],
                    "rotation": 90,
                    "texture": "#0"
                },
                "east": {
                    "uv": [
                        12,
                        1,
                        13.5,
                        1.5
                    ],
                    "rotation": 90,
                    "texture": "#0"
                },
                "south": {
                    "uv": [
                        12,
                        0,
                        13.5,
                        1.5
                    ],
                    "rotation": 90,
                    "texture": "#0"
                },
                "west": {
                    "uv": [
                        12,
                        0,
                        13.5,
                        0.5
                    ],
                    "rotation": 90,
                    "texture": "#0"
                },
                "up": {
                    "uv": [
                        12,
                        0,
                        12.5,
                        1.5
                    ],
                    "rotation": 270,
                    "texture": "#0"
                },
                "down": {
                    "uv": [
                        13,
                        0,
                        13.5,
                        1.5
                    ],
                    "rotation": 270,
                    "texture": "#0"
                }
            }
        },
        {
            "from": [
                3,
                5.25,
                7.5
            ],
            "to": [
                4.5,
                7.75,
                8.5
            ],
            "rotation": {
                "angle": 0,
                "axis": "y",
                "origin": [
                    8,
                    8,
                    8
                ]
            },
            "faces": {
                "north": {
                    "uv": [
                        12,
                        0,
                        13.5,
                        1.5
                    ],
                    "rotation": 90,
                    "texture": "#0"
                },
                "east": {
                    "uv": [
                        12,
                        1,
                        13.5,
                        1.5
                    ],
                    "rotation": 90,
                    "texture": "#0"
                },
                "south": {
                    "uv": [
                        12,
                        0,
                        13.5,
                        1.5
                    ],
                    "rotation": 90,
                    "texture": "#0"
                },
                "west": {
                    "uv": [
                        12,
                        0,
                        13.5,
                        0.5
                    ],
                    "rotation": 90,
                    "texture": "#0"
                },
                "up": {
                    "uv": [
                        12,
                        0,
                        12.5,
                        1.5
                    ],
                    "rotation": 270,
                    "texture": "#0"
                },
                "down": {
                    "uv": [
                        13,
                        0,
                        13.5,
                        1.5
                    ],
                    "rotation": 270,
                    "texture": "#0"
                }
            }
        },
        {
            "from": [
                11.5,
                8.25,
                7.5
            ],
            "to": [
                13,
                10.75,
                8.5
            ],
            "rotation": {
                "angle": 0,
                "axis": "y",
                "origin": [
                    8,
                    8,
                    8
                ]
            },
            "faces": {
                "north": {
                    "uv": [
                        12,
                        0,
                        13.5,
                        1.5
                    ],
                    "rotation": 90,
                    "texture": "#0"
                },
                "east": {
                    "uv": [
                        12,
                        1,
                        13.5,
                        1.5
                    ],
                    "rotation": 90,
                    "texture": "#0"
                },
                "south": {
                    "uv": [
                        12,
                        0,
                        13.5,
                        1.5
                    ],
                    "rotation": 90,
                    "texture": "#0"
                },
                "west": {
                    "uv": [
                        12,
                        0,
                        13.5,
                        0.5
                    ],
                    "rotation": 90,
                    "texture": "#0"
                },
                "up": {
                    "uv": [
                        12,
                        0,
                        12.5,
                        1.5
                    ],
                    "rotation": 270,
                    "texture": "#0"
                },
                "down": {
                    "uv": [
                        13,
                        0,
                        13.5,
                        1.5
                    ],
                    "rotation": 270,
                    "texture": "#0"
                }
            }
        },
        {
            "from": [
                11.5,
                5.25,
                7.5
            ],
            "to": [
                13,
                7.75,
                8.5
            ],
            "rotation": {
                "angle": 0,
                "axis": "y",
                "origin": [
                    8,
                    8,
                    8
                ]
            },
            "faces": {
                "north": {
                    "uv": [
                        12,
                        0,
                        13.5,
                        1.5
                    ],
                    "rotation": 90,
                    "texture": "#0"
                },
                "east": {
                    "uv": [
                        12,
                        1,
                        13.5,
                        1.5
                    ],
                    "rotation": 90,
                    "texture": "#0"
                },
                "south": {
                    "uv": [
                        12,
                        0,
                        13.5,
                        1.5
                    ],
                    "rotation": 90,
                    "texture": "#0"
                },
                "west": {
                    "uv": [
                        12,
                        0,
                        13.5,
                        0.5
                    ],
                    "rotation": 90,
                    "texture": "#0"
                },
                "up": {
                    "uv": [
                        12,
                        0,
                        12.5,
                        1.5
                    ],
                    "rotation": 270,
                    "texture": "#0"
                },
                "down": {
                    "uv": [
                        13,
                        0,
                        13.5,
                        1.5
                    ],
                    "rotation": 270,
                    "texture": "#0"
                }
            }
        },
        {
            "from": [
                3.5,
                6.5,
                7
            ],
            "to": [
                4,
                9.5,
                9
            ],
            "rotation": {
                "angle": 0,
                "axis": "y",
                "origin": [
                    8,
                    8,
                    8
                ]
            },
            "faces": {
                "north": {
                    "uv": [
                        12,
                        0,
                        13.5,
                        0.5
                    ],
                    "rotation": 90,
                    "texture": "#0"
                },
                "east": {
                    "uv": [
                        12,
                        0,
                        13.5,
                        1.5
                    ],
                    "rotation": 90,
                    "texture": "#0"
                },
                "south": {
                    "uv": [
                        12,
                        1,
                        13.5,
                        1.5
                    ],
                    "rotation": 90,
                    "texture": "#0"
                },
                "west": {
                    "uv": [
                        12,
                        0,
                        13.5,
                        1.5
                    ],
                    "rotation": 90,
                    "texture": "#0"
                },
                "up": {
                    "uv": [
                        12,
                        0,
                        12.5,
                        1.5
                    ],
                    "texture": "#0"
                },
                "down": {
                    "uv": [
                        13,
                        0,
                        13.5,
                        1.5
                    ],
                    "rotation": 180,
                    "texture": "#0"
                }
            }
        },
        {
            "from": [
                12,
                6.5,
                7
            ],
            "to": [
                12.5,
                9.5,
                9
            ],
            "rotation": {
                "angle": 0,
                "axis": "y",
                "origin": [
                    8,
                    8,
                    8
                ]
            },
            "faces": {
                "north": {
                    "uv": [
                        12,
                        0,
                        13.5,
                        0.5
                    ],
                    "rotation": 90,
                    "texture": "#0"
                },
                "east": {
                    "uv": [
                        12,
                        0,
                        13.5,
                        1.5
                    ],
                    "rotation": 90,
                    "texture": "#0"
                },
                "south": {
                    "uv": [
                        12,
                        1,
                        13.5,
                        1.5
                    ],
                    "rotation": 90,
                    "texture": "#0"
                },
                "west": {
                    "uv": [
                        12,
                        0,
                        13.5,
                        1.5
                    ],
                    "rotation": 90,
                    "texture": "#0"
                },
                "up": {
                    "uv": [
                        12,
                        0,
                        12.5,
                        1.5
                    ],
                    "texture": "#0"
                },
                "down": {
                    "uv": [
                        13,
                        0,
                        13.5,
                        1.5
                    ],
                    "rotation": 180,
                    "texture": "#0"
                }
            }
        },
        {
            "from": [
                2.25,
                6.5,
                5
            ],
            "to": [
                3.25,
                9.5,
                8
            ],
            "rotation": {
                "angle": 0,
                "axis": "x",
                "origin": [
                    2.625,
                    8,
                    7.25
                ]
            },
            "faces": {
                "north": {
                    "uv": [
                        12,
                        3.5,
                        14.5,
                        4
                    ],
                    "rotation": 90,
                    "texture": "#0"
                },
                "east": {
                    "uv": [
                        12,
                        1.5,
                        14.5,
                        4
                    ],
                    "rotation": 270,
                    "texture": "#0"
                },
                "south": {
                    "uv": [
                        12,
                        1.5,
                        14.5,
                        2
                    ],
                    "rotation": 90,
                    "texture": "#0"
                },
                "west": {
                    "uv": [
                        12,
                        1.5,
                        14.5,
                        4
                    ],
                    "rotation": 90,
                    "texture": "#0"
                },
                "up": {
                    "uv": [
                        12,
                        1.5,
                        12.5,
                        4
                    ],
                    "rotation": 180,
                    "texture": "#0"
                },
                "down": {
                    "uv": [
                        14,
                        1.5,
                        14.5,
                        4
                    ],
                    "texture": "#0"
                }
            }
        },
        {
            "from": [
                2.5,
                7.5,
                8
            ],
            "to": [
                3.5,
                8.5,
                9
            ],
            "rotation": {
                "angle": 0,
                "axis": "x",
                "origin": [
                    2.625,
                    8,
                    7.25
                ]
            },
            "faces": {
                "north": {
                    "uv": [
                        12,
                        3.5,
                        12.5,
                        4
                    ],
                    "rotation": 90,
                    "texture": "#0"
                },
                "east": {
                    "uv": [
                        12,
                        1.5,
                        12.5,
                        2
                    ],
                    "rotation": 270,
                    "texture": "#0"
                },
                "south": {
                    "uv": [
                        12,
                        1.5,
                        12.5,
                        2
                    ],
                    "rotation": 90,
                    "texture": "#0"
                },
                "west": {
                    "uv": [
                        12,
                        1.5,
                        12.5,
                        2
                    ],
                    "rotation": 90,
                    "texture": "#0"
                },
                "up": {
                    "uv": [
                        12,
                        1.5,
                        12.5,
                        2
                    ],
                    "rotation": 180,
                    "texture": "#0"
                },
                "down": {
                    "uv": [
                        14,
                        1.5,
                        14.5,
                        2
                    ],
                    "texture": "#0"
                }
            }
        }
    ],
    "groups": [
        {
            "name": "closed_book",
            "origin": [
                7.375,
                8,
                3
            ],
            "color": 0,
            "children": [
                0,
                1,
                2,
                3
            ]
        },
        {
            "name": "chains",
            "origin": [
                4,
                8,
                7.5
            ],
            "color": 0,
            "children": [
                4,
                5,
                6,
                7,
                8,
                9,
                10,
                11,
                12,
                13,
                14,
                15,
                16,
                17,
                18,
                19
            ]
        },
        20,
        21
    ],
    "display": {
        "firstperson_righthand": {
            "rotation": [
                -103,
                0,
                0
            ],
            "translation": [
                1,
                1.75,
                -1.25
            ]
        }
    }
}