{
	"credit": "Bray was here :)",
	"parent": "minecraft:item/books_3d/template_book_closed",
	"texture_size": [32, 32],
	"textures": {
		"0": "item/books_3d/enchanted_book_3d",
		"particle": "item/books_3d/enchanted_book_3d"
	},
	"elements": [
		{
			"name": "paper",
			"from": [4.5, 7, 3.5],
			"to": [11, 9, 12.5],
			"rotation": {"angle": 0, "axis": "y", "origin": [9.625, 8, 8]},
			"faces": {
				"north": {"uv": [0, 13.5, 3, 14.5], "texture": "#0"},
				"south": {"uv": [0, 14.5, 3, 15.5], "texture": "#0"},
				"west": {"uv": [0, 12.5, 4.5, 13.5], "texture": "#0"}
			}
		},
		{
			"from": [4, 9, 3],
			"to": [12, 10, 13],
			"rotation": {"angle": 0, "axis": "y", "origin": [10, 8, 11]},
			"faces": {
				"north": {"uv": [0, 10, 4, 10.5], "texture": "#0"},
				"east": {"uv": [5.5, 0, 6, 5], "rotation": 270, "texture": "#0"},
				"south": {"uv": [6, 10, 10, 10.5], "texture": "#0"},
				"west": {"uv": [10, 0, 10.5, 5], "rotation": 90, "texture": "#0"},
				"up": {"uv": [6, 0, 10, 5], "rotation": 180, "texture": "#0"},
				"down": {"uv": [6, 5, 10, 10], "texture": "#0"}
			}
		},
		{
			"from": [4, 6, 3],
			"to": [12, 7, 13],
			"rotation": {"angle": 0, "axis": "y", "origin": [10, 5, 11]},
			"faces": {
				"north": {"uv": [0, 11.5, 4, 12], "texture": "#0"},
				"east": {"uv": [4, 0, 4.5, 5], "rotation": 270, "texture": "#0"},
				"south": {"uv": [6, 11.5, 10, 12], "texture": "#0"},
				"west": {"uv": [11.5, 0, 12, 5], "rotation": 90, "texture": "#0"},
				"up": {"uv": [0, 5, 4, 10], "texture": "#0"},
				"down": {"uv": [0, 0, 4, 5], "texture": "#0"}
			}
		},
		{
			"from": [11, 7, 3],
			"to": [12, 9, 13],
			"rotation": {"angle": 0, "axis": "y", "origin": [10, 6, 11]},
			"faces": {
				"north": {"uv": [0, 10.5, 0.5, 11.5], "texture": "#0"},
				"east": {"uv": [4.5, 0, 5.5, 5], "rotation": 270, "texture": "#0"},
				"south": {"uv": [9.5, 10.5, 10, 11.5], "texture": "#0"},
				"west": {"uv": [10.5, 0, 11.5, 5], "rotation": 90, "texture": "#0"}
			}
		},
		{
			"from": [3.7, 8, 7],
			"to": [3.95, 10.05, 9],
			"rotation": {"angle": 0, "axis": "y", "origin": [1.95, 8.05, 7]},
			"faces": {
				"north": {"uv": [13.5, 7, 14, 6], "texture": "#0"},
				"south": {"uv": [13, 6, 14, 6.5], "rotation": 270, "texture": "#0"},
				"west": {"uv": [13, 7, 14, 6], "rotation": 270, "texture": "#0"},
				"down": {"uv": [13, 6, 14, 6.5], "rotation": 90, "texture": "#0"}
			}
		},
		{
			"from": [3.7, 10.05, 7],
			"to": [5.975, 10.3, 9],
			"rotation": {"angle": 0, "axis": "z", "origin": [4.475, 10.3, 8]},
			"faces": {
				"north": {"uv": [12, 6.5, 13, 7], "texture": "#0"},
				"east": {"uv": [12, 6.5, 13, 7], "texture": "#0"},
				"south": {"uv": [13, 6, 12, 6.5], "texture": "#0"},
				"west": {"uv": [12.5, 6, 13, 7], "rotation": 90, "texture": "#0"},
				"up": {"uv": [12, 6, 13, 7], "rotation": 180, "texture": "#0"}
			}
		},
		{
			"from": [3.95, 5.95, 6],
			"to": [12.05, 10.05, 10],
			"rotation": {"angle": 0, "axis": "y", "origin": [10, 8, 11]},
			"faces": {
				"east": {"uv": [14, 4, 16, 6], "rotation": 270, "texture": "#0"},
				"up": {"uv": [12, 0, 16, 2], "rotation": 180, "texture": "#0"},
				"down": {"uv": [12, 2, 16, 4], "texture": "#0"}
			}
		},
		{
			"from": [3.94, 5.94, 5.99],
			"to": [3.96, 10.06, 10.01],
			"rotation": {"angle": 0, "axis": "y", "origin": [10, 8, 11]},
			"faces": {
				"east": {"uv": [14, 4, 16, 6], "rotation": 270, "texture": "#0"},
				"west": {"uv": [12, 4, 14, 6], "rotation": 90, "texture": "#0"}
			}
		}
	],
	"groups": [
		{
			"name": "closed_book",
			"origin": [7.375, 8, 3],
			"color": 0,
			"children": [0, 1, 2, 3]
		},
		{
			"name": "clasp",
			"origin": [10, 8, 11],
			"color": 0,
			"children": [4, 5, 6, 7]
		}
	]
}