{
	"credit": "Bray was here :)",
	"parent": "minecraft:item/books_3d/template_book_closed",
	"texture_size": [32, 32],
	"textures": {
		"0": "item/books_3d/feather_falling_3d",
		"1": "item/books_3d/feather_falling_effect",
		"particle": "item/books_3d/feather_falling_3d"
	},
	"elements": [
		{
			"name": "paper",
			"from": [4.5, 7, 3.5],
			"to": [11, 9, 12.5],
			"rotation": {"angle": 0, "axis": "y", "origin": [9.625, 8, 8]},
			"faces": {
				"north": {"uv": [0, 13.5, 3, 14.5], "texture": "#0"},
				"south": {"uv": [0, 14.5, 3, 15.5], "texture": "#0"},
				"west": {"uv": [0, 12.5, 4.5, 13.5], "texture": "#0"}
			}
		},
		{
			"from": [4, 9, 3],
			"to": [12, 10, 13],
			"light_emission": 4,
			"rotation": {"angle": 0, "axis": "y", "origin": [10, 8, 11]},
			"faces": {
				"north": {"uv": [0, 10, 4, 10.5], "texture": "#0"},
				"east": {"uv": [5.5, 0, 6, 5], "rotation": 270, "texture": "#0"},
				"south": {"uv": [6, 10, 10, 10.5], "texture": "#0"},
				"west": {"uv": [10, 0, 10.5, 5], "rotation": 90, "texture": "#0"},
				"up": {"uv": [6, 0, 10, 5], "rotation": 180, "texture": "#0"},
				"down": {"uv": [6, 5, 10, 10], "texture": "#0"}
			}
		},
		{
			"from": [4, 6, 3],
			"to": [12, 7, 13],
			"light_emission": 4,
			"rotation": {"angle": 0, "axis": "y", "origin": [10, 5, 11]},
			"faces": {
				"north": {"uv": [0, 11.5, 4, 12], "texture": "#0"},
				"east": {"uv": [4, 0, 4.5, 5], "rotation": 270, "texture": "#0"},
				"south": {"uv": [6, 11.5, 10, 12], "texture": "#0"},
				"west": {"uv": [11.5, 0, 12, 5], "rotation": 90, "texture": "#0"},
				"up": {"uv": [0, 5, 4, 10], "texture": "#0"},
				"down": {"uv": [0, 0, 4, 5], "texture": "#0"}
			}
		},
		{
			"from": [11, 7, 3],
			"to": [12, 9, 13],
			"light_emission": 4,
			"rotation": {"angle": 0, "axis": "y", "origin": [10, 6, 11]},
			"faces": {
				"north": {"uv": [0, 10.5, 0.5, 11.5], "texture": "#0"},
				"east": {"uv": [4.5, 0, 5.5, 5], "rotation": 270, "texture": "#0"},
				"south": {"uv": [9.5, 10.5, 10, 11.5], "texture": "#0"},
				"west": {"uv": [10.5, 0, 11.5, 5], "rotation": 90, "texture": "#0"}
			}
		},
		{
			"from": [0.56382, 11.58761, 5],
			"to": [6.56382, 11.60761, 11],
			"rotation": {"angle": -22.5, "axis": "z", "origin": [3.38511, 11.02273, 8]},
			"faces": {
				"up": {"uv": [16, 8, 8, 0], "texture": "#1"},
				"down": {"uv": [16, 0, 8, 8], "texture": "#1"}
			}
		},
		{
			"from": [10, 10.55, 5],
			"to": [16, 10.57, 11],
			"rotation": {"angle": 0, "axis": "z", "origin": [12.61489, 11.02273, 8]},
			"faces": {
				"up": {"uv": [0, 8, 8, 0], "texture": "#1"},
				"down": {"uv": [0, 0, 8, 8], "texture": "#1"}
			}
		},
		{
			"from": [9.43618, 11.58761, 5],
			"to": [15.43618, 11.60761, 11],
			"rotation": {"angle": 22.5, "axis": "z", "origin": [12.61489, 11.02273, 8]},
			"faces": {
				"up": {"uv": [8, 8, 16, 0], "texture": "#1"},
				"down": {"uv": [8, 0, 16, 8], "texture": "#1"}
			}
		},
		{
			"from": [0, 10.55, 5],
			"to": [6, 10.57, 11],
			"rotation": {"angle": 0, "axis": "z", "origin": [3.38511, 11.02273, 8]},
			"faces": {
				"up": {"uv": [8, 8, 0, 0], "texture": "#1"},
				"down": {"uv": [8, 0, 0, 8], "texture": "#1"}
			}
		},
		{
			"name": "outline",
			"from": [12.5, 10.5, 13.5],
			"to": [3.5, 5.5, 2.5],
			"light_emission": 15,
			"rotation": {"angle": 0, "axis": "y", "origin": [4, 8, 2]},
			"faces": {
				"north": {"uv": [10, 5, 11, 6], "texture": "#0"},
				"east": {"uv": [10, 5, 11, 6], "texture": "#0"},
				"south": {"uv": [10, 5, 11, 6], "texture": "#0"},
				"west": {"uv": [10, 5, 11, 6], "texture": "#0"},
				"up": {"uv": [10, 5, 11, 6], "texture": "#0"},
				"down": {"uv": [10, 5, 11, 6], "texture": "#0"}
			}
		}
	],
	"display": {},
	"groups": [
		{
			"name": "closed_book",
			"origin": [7.375, 8, 3],
			"color": 0,
			"children": [0, 1, 2, 3]
		},
		{
			"name": "wings",
			"origin": [3.38511, 10.52273, 8],
			"color": 0,
			"children": [4, 5, 6, 7]
		},
		8
	]
}