{
    "credit": "Bray + Cyberia were here",
    "parent": "minecraft:item/books_3d/template_book_open",
    "texture_size": [
        32,
        32
    ],
    "textures": {
        "0": "item/books_3d/fire_protection_3d"
    },
    "elements": [
        {
            "name": "cover_left_rotation",
            "from": [
                8.06427,
                3,
                5.48283
            ],
            "to": [
                9.00119,
                13,
                6.55783
            ],
            "light_emission": 4,
            "rotation": {
                "angle": -22.5,
                "axis": "y",
                "origin": [
                    8.11192,
                    8,
                    7.91853
                ]
            },
            "faces": {
                "north": {
                    "uv": [
                        3.5,
                        0,
                        4,
                        5
                    ],
                    "texture": "#0"
                },
                "east": {
                    "uv": [
                        3.5,
                        0,
                        4,
                        5
                    ],
                    "texture": "#0"
                },
                "south": {
                    "uv": [
                        10,
                        5,
                        9.50031,
                        10
                    ],
                    "texture": "#0"
                },
                "west": {
                    "uv": [
                        3.5,
                        0,
                        4,
                        5
                    ],
                    "texture": "#0"
                },
                "up": {
                    "uv": [
                        9.5,
                        11.5,
                        10,
                        12
                    ],
                    "rotation": 180,
                    "texture": "#0"
                },
                "down": {
                    "uv": [
                        0,
                        11.5,
                        0.49969,
                        12
                    ],
                    "texture": "#0"
                }
            }
        },
        {
            "name": "cover_right_rotation",
            "from": [
                0.43763,
                3,
                5.4924
            ],
            "to": [
                1.37761,
                13,
                6.5674
            ],
            "light_emission": 4,
            "rotation": {
                "angle": 22.5,
                "axis": "y",
                "origin": [
                    7.86498,
                    8,
                    7.9281
                ]
            },
            "faces": {
                "north": {
                    "uv": [
                        9.5,
                        0,
                        10,
                        5
                    ],
                    "texture": "#0"
                },
                "east": {
                    "uv": [
                        9.5,
                        0,
                        10,
                        5
                    ],
                    "texture": "#0"
                },
                "south": {
                    "uv": [
                        0,
                        5,
                        0.50132,
                        10
                    ],
                    "texture": "#0"
                },
                "west": {
                    "uv": [
                        10,
                        0,
                        10.5,
                        5
                    ],
                    "texture": "#0"
                },
                "up": {
                    "uv": [
                        9.5,
                        10,
                        10,
                        10.5
                    ],
                    "rotation": 180,
                    "texture": "#0"
                },
                "down": {
                    "uv": [
                        3.5,
                        10,
                        4,
                        10.5
                    ],
                    "rotation": 180,
                    "texture": "#0"
                }
            }
        },
        {
            "name": "spine_rotation",
            "from": [
                7.001,
                3.001,
                5.651
            ],
            "to": [
                8.999,
                4.001,
                6.649
            ],
            "light_emission": 4,
            "rotation": {
                "angle": 0,
                "axis": "y",
                "origin": [
                    8,
                    8,
                    8
                ]
            },
            "faces": {
                "north": {
                    "uv": [
                        4.5,
                        4.5,
                        5.5,
                        5
                    ],
                    "texture": "#0"
                },
                "south": {
                    "uv": [
                        10.5,
                        4.4999,
                        11.5,
                        5
                    ],
                    "texture": "#0"
                },
                "up": {
                    "uv": [
                        4.5,
                        4.5,
                        5.5,
                        5
                    ],
                    "texture": "#0"
                },
                "down": {
                    "uv": [
                        0,
                        10.5,
                        0.5,
                        11.5
                    ],
                    "rotation": 270,
                    "texture": "#0"
                }
            }
        },
        {
            "name": "spine_rotation",
            "from": [
                7.001,
                4.001,
                5.901
            ],
            "to": [
                8.999,
                12.001,
                6.649
            ],
            "light_emission": 4,
            "rotation": {
                "angle": 0,
                "axis": "y",
                "origin": [
                    8,
                    8,
                    8
                ]
            },
            "faces": {
                "north": {
                    "uv": [
                        4.5,
                        0.4991,
                        5.5,
                        4.4999
                    ],
                    "texture": "#0"
                },
                "south": {
                    "uv": [
                        10.5,
                        0.4991,
                        11.5,
                        4.4999
                    ],
                    "texture": "#0"
                },
                "up": {
                    "uv": [
                        9.5,
                        10.5,
                        10,
                        11.5
                    ],
                    "rotation": 270,
                    "texture": "#0"
                },
                "down": {
                    "uv": [
                        0,
                        10.5,
                        0.5,
                        11.5
                    ],
                    "rotation": 270,
                    "texture": "#0"
                }
            }
        },
        {
            "name": "spine_rotation",
            "from": [
                7.001,
                12.001,
                5.651
            ],
            "to": [
                8.999,
                12.999,
                6.649
            ],
            "light_emission": 4,
            "rotation": {
                "angle": 0,
                "axis": "y",
                "origin": [
                    8,
                    8,
                    8
                ]
            },
            "faces": {
                "north": {
                    "uv": [
                        4.5,
                        0,
                        5.5,
                        0.5
                    ],
                    "texture": "#0"
                },
                "south": {
                    "uv": [
                        10.5,
                        0,
                        11.5,
                        0.4991
                    ],
                    "texture": "#0"
                },
                "up": {
                    "uv": [
                        9.5,
                        10.5,
                        10,
                        11.5
                    ],
                    "rotation": 270,
                    "texture": "#0"
                },
                "down": {
                    "uv": [
                        5.5,
                        0,
                        4.5,
                        0.5
                    ],
                    "texture": "#0"
                }
            }
        },
        {
            "name": "page_left_rotation",
            "from": [
                7.6528,
                4,
                6.157
            ],
            "to": [
                14.5778,
                12,
                7.157
            ],
            "rotation": {
                "angle": -22.5,
                "axis": "y",
                "origin": [
                    8,
                    8,
                    8
                ]
            },
            "faces": {
                "east": {
                    "uv": [
                        15.5,
                        8,
                        16,
                        12
                    ],
                    "texture": "#0"
                },
                "south": {
                    "uv": [
                        12.5,
                        8,
                        16,
                        12
                    ],
                    "texture": "#0"
                },
                "west": {
                    "uv": [
                        12.5,
                        8,
                        13,
                        12
                    ],
                    "texture": "#0"
                },
                "up": {
                    "uv": [
                        12.5,
                        8,
                        16,
                        8.5
                    ],
                    "texture": "#0"
                },
                "down": {
                    "uv": [
                        12.5,
                        11.5,
                        16,
                        12
                    ],
                    "texture": "#0"
                }
            }
        },
        {
            "name": "page_right_rotation",
            "from": [
                1.4222,
                4,
                6.157
            ],
            "to": [
                8.3472,
                12,
                7.157
            ],
            "rotation": {
                "angle": 22.5,
                "axis": "y",
                "origin": [
                    8,
                    8,
                    8
                ]
            },
            "faces": {
                "east": {
                    "uv": [
                        8.5,
                        12,
                        9,
                        16
                    ],
                    "texture": "#0"
                },
                "south": {
                    "uv": [
                        5.5,
                        12,
                        9,
                        16
                    ],
                    "texture": "#0"
                },
                "west": {
                    "uv": [
                        5.5,
                        12,
                        6,
                        16
                    ],
                    "texture": "#0"
                },
                "up": {
                    "uv": [
                        5.5,
                        12,
                        9,
                        12.5
                    ],
                    "texture": "#0"
                },
                "down": {
                    "uv": [
                        5.5,
                        15.5,
                        9,
                        16
                    ],
                    "texture": "#0"
                }
            }
        },
        {
            "name": "flip_left_rotation",
            "from": [
                7.69967,
                3.99,
                7.18707
            ],
            "to": [
                14.71967,
                12.01,
                7.20707
            ],
            "rotation": {
                "angle": -45,
                "axis": "y",
                "origin": [
                    7.98825,
                    8,
                    7.49585
                ]
            },
            "faces": {
                "north": {
                    "uv": [
                        16,
                        12,
                        12.5,
                        16
                    ],
                    "texture": "#0"
                },
                "south": {
                    "uv": [
                        12.5,
                        12,
                        16,
                        16
                    ],
                    "texture": "#0"
                }
            }
        },
        {
            "name": "flip_right_rotation",
            "from": [
                1.42176,
                3.99,
                7.12849
            ],
            "to": [
                8.44176,
                12.01,
                7.14849
            ],
            "rotation": {
                "angle": 45,
                "axis": "y",
                "origin": [
                    8.15318,
                    8,
                    7.63729
                ]
            },
            "faces": {
                "north": {
                    "uv": [
                        12.5,
                        12,
                        9,
                        16
                    ],
                    "texture": "#0"
                },
                "south": {
                    "uv": [
                        9,
                        12,
                        12.5,
                        16
                    ],
                    "texture": "#0"
                }
            }
        },
        {
            "name": "cover_left_rotation",
            "from": [
                14.62619,
                3,
                5.48283
            ],
            "to": [
                15.56427,
                13,
                6.55783
            ],
            "light_emission": 4,
            "rotation": {
                "angle": -22.5,
                "axis": "y",
                "origin": [
                    8.11192,
                    8,
                    7.91853
                ]
            },
            "faces": {
                "north": {
                    "uv": [
                        0,
                        0,
                        0.5,
                        5
                    ],
                    "texture": "#0"
                },
                "east": {
                    "uv": [
                        11.5,
                        0,
                        12,
                        5
                    ],
                    "texture": "#0"
                },
                "south": {
                    "uv": [
                        6.50031,
                        5,
                        6,
                        10
                    ],
                    "texture": "#0"
                },
                "west": {
                    "uv": [
                        0,
                        0,
                        0.5,
                        5
                    ],
                    "texture": "#0"
                },
                "up": {
                    "uv": [
                        6,
                        11.5,
                        6.5,
                        12
                    ],
                    "rotation": 180,
                    "texture": "#0"
                },
                "down": {
                    "uv": [
                        3.5,
                        11.5,
                        4,
                        12
                    ],
                    "texture": "#0"
                }
            }
        },
        {
            "name": "cover_left_rotation",
            "from": [
                9,
                3,
                5.5
            ],
            "to": [
                14.625,
                4,
                6.5
            ],
            "light_emission": 4,
            "rotation": {
                "angle": -22.5,
                "axis": "y",
                "origin": [
                    8.11192,
                    8,
                    7.91853
                ]
            },
            "faces": {
                "north": {
                    "uv": [
                        0.5,
                        4.5,
                        3.5,
                        5
                    ],
                    "texture": "#0"
                },
                "east": {
                    "uv": [
                        11.5,
                        4.5,
                        12,
                        5
                    ],
                    "texture": "#0"
                },
                "south": {
                    "uv": [
                        9.50031,
                        9.5,
                        6.50031,
                        10
                    ],
                    "texture": "#0"
                },
                "up": {
                    "uv": [
                        0.50031,
                        4.5,
                        3.50031,
                        5
                    ],
                    "rotation": 180,
                    "texture": "#0"
                },
                "down": {
                    "uv": [
                        0.5,
                        11.5,
                        3.5,
                        12
                    ],
                    "texture": "#0"
                }
            }
        },
        {
            "name": "cover_left_rotation",
            "from": [
                9,
                4,
                5.75
            ],
            "to": [
                14.625,
                12,
                6.5
            ],
            "light_emission": 4,
            "rotation": {
                "angle": -22.5,
                "axis": "y",
                "origin": [
                    8.11192,
                    8,
                    7.91853
                ]
            },
            "faces": {
                "north": {
                    "uv": [
                        0.5,
                        0.5,
                        3.5,
                        4.5
                    ],
                    "texture": "#0"
                },
                "east": {
                    "uv": [
                        11.5,
                        0.5,
                        12,
                        4.5
                    ],
                    "texture": "#0"
                },
                "south": {
                    "uv": [
                        9.5,
                        5.5,
                        6.5,
                        9.5
                    ],
                    "texture": "#0"
                },
                "up": {
                    "uv": [
                        6.50031,
                        11.5,
                        9.50031,
                        12
                    ],
                    "rotation": 180,
                    "texture": "#0"
                },
                "down": {
                    "uv": [
                        0.49969,
                        11.5,
                        3.49969,
                        12
                    ],
                    "texture": "#0"
                }
            }
        },
        {
            "name": "cover_left_rotation",
            "from": [
                9.00119,
                12,
                5.48283
            ],
            "to": [
                14.62619,
                13,
                6.55783
            ],
            "light_emission": 4,
            "rotation": {
                "angle": -22.5,
                "axis": "y",
                "origin": [
                    8.11192,
                    8,
                    7.91853
                ]
            },
            "faces": {
                "north": {
                    "uv": [
                        0.5,
                        0,
                        3.5,
                        0.5
                    ],
                    "texture": "#0"
                },
                "east": {
                    "uv": [
                        11.5,
                        0,
                        12,
                        0.5
                    ],
                    "texture": "#0"
                },
                "south": {
                    "uv": [
                        9.50031,
                        5,
                        6.50031,
                        5.5
                    ],
                    "texture": "#0"
                },
                "up": {
                    "uv": [
                        6.5,
                        11.5,
                        9.5,
                        12
                    ],
                    "rotation": 180,
                    "texture": "#0"
                },
                "down": {
                    "uv": [
                        3.49969,
                        0,
                        0.49969,
                        0.5
                    ],
                    "texture": "#0"
                }
            }
        },
        {
            "name": "cover_right_rotation",
            "from": [
                7.00261,
                3,
                5.4924
            ],
            "to": [
                7.93763,
                13,
                6.5674
            ],
            "light_emission": 4,
            "rotation": {
                "angle": 22.5,
                "axis": "y",
                "origin": [
                    7.86498,
                    8,
                    7.9281
                ]
            },
            "faces": {
                "north": {
                    "uv": [
                        6,
                        0,
                        6.5,
                        5
                    ],
                    "texture": "#0"
                },
                "east": {
                    "uv": [
                        6,
                        0,
                        6.5,
                        5
                    ],
                    "texture": "#0"
                },
                "south": {
                    "uv": [
                        3.50132,
                        5,
                        4,
                        10
                    ],
                    "texture": "#0"
                },
                "west": {
                    "uv": [
                        6,
                        0,
                        6.5,
                        5
                    ],
                    "texture": "#0"
                },
                "up": {
                    "uv": [
                        6,
                        10,
                        6.5,
                        10.5
                    ],
                    "rotation": 180,
                    "texture": "#0"
                },
                "down": {
                    "uv": [
                        0,
                        10,
                        0.5,
                        10.5
                    ],
                    "rotation": 180,
                    "texture": "#0"
                }
            }
        },
        {
            "name": "cover_right_rotation",
            "from": [
                1.37761,
                3,
                5.4924
            ],
            "to": [
                7.00261,
                4,
                6.5674
            ],
            "light_emission": 4,
            "rotation": {
                "angle": 22.5,
                "axis": "y",
                "origin": [
                    7.86498,
                    8,
                    7.9281
                ]
            },
            "faces": {
                "north": {
                    "uv": [
                        6.5,
                        4.5,
                        9.5,
                        5
                    ],
                    "texture": "#0"
                },
                "south": {
                    "uv": [
                        0.50132,
                        9.5,
                        3.50132,
                        10
                    ],
                    "texture": "#0"
                },
                "west": {
                    "uv": [
                        10,
                        4.5,
                        10.5,
                        5
                    ],
                    "texture": "#0"
                },
                "up": {
                    "uv": [
                        6.5,
                        4.5,
                        9.5,
                        5
                    ],
                    "rotation": 180,
                    "texture": "#0"
                },
                "down": {
                    "uv": [
                        0.5,
                        10,
                        3.5,
                        10.5
                    ],
                    "rotation": 180,
                    "texture": "#0"
                }
            }
        },
        {
            "name": "cover_right_rotation",
            "from": [
                1.37761,
                4,
                5.7424
            ],
            "to": [
                7.00261,
                12,
                6.4924
            ],
            "light_emission": 4,
            "rotation": {
                "angle": 22.5,
                "axis": "y",
                "origin": [
                    7.86498,
                    8,
                    7.9281
                ]
            },
            "faces": {
                "north": {
                    "uv": [
                        6.49868,
                        0.5,
                        9.49868,
                        4.5
                    ],
                    "texture": "#0"
                },
                "south": {
                    "uv": [
                        0.50132,
                        5.5,
                        3.50132,
                        9.5
                    ],
                    "texture": "#0"
                },
                "west": {
                    "uv": [
                        10,
                        0.5,
                        10.5,
                        4.5
                    ],
                    "texture": "#0"
                },
                "up": {
                    "uv": [
                        6.49868,
                        10,
                        9.49868,
                        10.5
                    ],
                    "rotation": 180,
                    "texture": "#0"
                },
                "down": {
                    "uv": [
                        0.49868,
                        10,
                        3.49868,
                        10.5
                    ],
                    "rotation": 180,
                    "texture": "#0"
                }
            }
        },
        {
            "name": "cover_right_rotation",
            "from": [
                1.37761,
                12,
                5.4924
            ],
            "to": [
                7.00261,
                13,
                6.5674
            ],
            "light_emission": 4,
            "rotation": {
                "angle": 22.5,
                "axis": "y",
                "origin": [
                    7.86498,
                    8,
                    7.9281
                ]
            },
            "faces": {
                "north": {
                    "uv": [
                        6.5,
                        0,
                        9.5,
                        0.5
                    ],
                    "texture": "#0"
                },
                "south": {
                    "uv": [
                        0.50132,
                        5,
                        3.50132,
                        5.5
                    ],
                    "texture": "#0"
                },
                "west": {
                    "uv": [
                        10,
                        0,
                        10.5,
                        0.5
                    ],
                    "texture": "#0"
                },
                "up": {
                    "uv": [
                        6.5,
                        10,
                        9.5,
                        10.5
                    ],
                    "rotation": 180,
                    "texture": "#0"
                },
                "down": {
                    "uv": [
                        6.49868,
                        0,
                        9.49868,
                        0.5
                    ],
                    "rotation": 180,
                    "texture": "#0"
                }
            }
        },
        {
            "from": [
                5.25,
                10,
                5.5
            ],
            "to": [
                6.25,
                11,
                6.5
            ],
            "light_emission": 4,
            "rotation": {
                "angle": 22.5,
                "axis": "y",
                "origin": [
                    8,
                    9.5,
                    8
                ]
            },
            "faces": {
                "north": {
                    "uv": [
                        11,
                        5,
                        11.5,
                        5.5
                    ],
                    "rotation": 180,
                    "texture": "#0"
                },
                "east": {
                    "uv": [
                        11,
                        5,
                        11.5,
                        5.5
                    ],
                    "rotation": 90,
                    "texture": "#0"
                },
                "west": {
                    "uv": [
                        11,
                        5,
                        11.5,
                        5.5
                    ],
                    "rotation": 270,
                    "texture": "#0"
                },
                "up": {
                    "uv": [
                        11,
                        5,
                        11.5,
                        5.5
                    ],
                    "texture": "#0"
                },
                "down": {
                    "uv": [
                        11,
                        5,
                        11.5,
                        5.5
                    ],
                    "rotation": 180,
                    "texture": "#0"
                }
            }
        },
        {
            "from": [
                5.25,
                7.5,
                5.5
            ],
            "to": [
                6.25,
                8.5,
                6.5
            ],
            "light_emission": 4,
            "rotation": {
                "angle": 22.5,
                "axis": "y",
                "origin": [
                    8,
                    9.5,
                    8
                ]
            },
            "faces": {
                "north": {
                    "uv": [
                        11,
                        5.5,
                        11.5,
                        6
                    ],
                    "rotation": 180,
                    "texture": "#0"
                },
                "east": {
                    "uv": [
                        11,
                        5.5,
                        11.5,
                        6
                    ],
                    "rotation": 90,
                    "texture": "#0"
                },
                "west": {
                    "uv": [
                        11,
                        5.5,
                        11.5,
                        6
                    ],
                    "rotation": 270,
                    "texture": "#0"
                },
                "up": {
                    "uv": [
                        11,
                        5.5,
                        11.5,
                        6
                    ],
                    "texture": "#0"
                },
                "down": {
                    "uv": [
                        11,
                        5.5,
                        11.5,
                        6
                    ],
                    "rotation": 180,
                    "texture": "#0"
                }
            }
        },
        {
            "from": [
                5.25,
                5,
                5.5
            ],
            "to": [
                6.25,
                6,
                6.5
            ],
            "light_emission": 4,
            "rotation": {
                "angle": 22.5,
                "axis": "y",
                "origin": [
                    8,
                    9.5,
                    8
                ]
            },
            "faces": {
                "north": {
                    "uv": [
                        11,
                        6,
                        11.5,
                        6.5
                    ],
                    "rotation": 180,
                    "texture": "#0"
                },
                "east": {
                    "uv": [
                        11,
                        6,
                        11.5,
                        6.5
                    ],
                    "rotation": 90,
                    "texture": "#0"
                },
                "west": {
                    "uv": [
                        11,
                        6,
                        11.5,
                        6.5
                    ],
                    "rotation": 270,
                    "texture": "#0"
                },
                "up": {
                    "uv": [
                        11,
                        6,
                        11.5,
                        6.5
                    ],
                    "texture": "#0"
                },
                "down": {
                    "uv": [
                        11,
                        6,
                        11.5,
                        6.5
                    ],
                    "rotation": 180,
                    "texture": "#0"
                }
            }
        },
        {
            "from": [
                2.25,
                10,
                5.5
            ],
            "to": [
                3.25,
                11,
                6.5
            ],
            "light_emission": 4,
            "rotation": {
                "angle": 22.5,
                "axis": "y",
                "origin": [
                    8,
                    9.5,
                    8
                ]
            },
            "faces": {
                "north": {
                    "uv": [
                        11.5,
                        5,
                        12,
                        5.5
                    ],
                    "rotation": 180,
                    "texture": "#0"
                },
                "east": {
                    "uv": [
                        11.5,
                        5,
                        12,
                        5.5
                    ],
                    "rotation": 90,
                    "texture": "#0"
                },
                "west": {
                    "uv": [
                        11.5,
                        5,
                        12,
                        5.5
                    ],
                    "rotation": 270,
                    "texture": "#0"
                },
                "up": {
                    "uv": [
                        11.5,
                        5,
                        12,
                        5.5
                    ],
                    "texture": "#0"
                },
                "down": {
                    "uv": [
                        11.5,
                        5,
                        12,
                        5.5
                    ],
                    "rotation": 180,
                    "texture": "#0"
                }
            }
        },
        {
            "from": [
                2.25,
                7.5,
                5.5
            ],
            "to": [
                3.25,
                8.5,
                6.5
            ],
            "light_emission": 4,
            "rotation": {
                "angle": 22.5,
                "axis": "y",
                "origin": [
                    8,
                    9.5,
                    8
                ]
            },
            "faces": {
                "north": {
                    "uv": [
                        11.5,
                        5.5,
                        12,
                        6
                    ],
                    "rotation": 180,
                    "texture": "#0"
                },
                "east": {
                    "uv": [
                        11.5,
                        5.5,
                        12,
                        6
                    ],
                    "rotation": 90,
                    "texture": "#0"
                },
                "west": {
                    "uv": [
                        11.5,
                        5.5,
                        12,
                        6
                    ],
                    "rotation": 270,
                    "texture": "#0"
                },
                "up": {
                    "uv": [
                        11.5,
                        5.5,
                        12,
                        6
                    ],
                    "texture": "#0"
                },
                "down": {
                    "uv": [
                        11.5,
                        5.5,
                        12,
                        6
                    ],
                    "rotation": 180,
                    "texture": "#0"
                }
            }
        },
        {
            "from": [
                2.25,
                5,
                5.5
            ],
            "to": [
                3.25,
                6,
                6.5
            ],
            "light_emission": 4,
            "rotation": {
                "angle": 22.5,
                "axis": "y",
                "origin": [
                    8,
                    9.5,
                    8
                ]
            },
            "faces": {
                "north": {
                    "uv": [
                        11.5,
                        6,
                        12,
                        6.5
                    ],
                    "rotation": 180,
                    "texture": "#0"
                },
                "east": {
                    "uv": [
                        11.5,
                        6,
                        12,
                        6.5
                    ],
                    "rotation": 90,
                    "texture": "#0"
                },
                "west": {
                    "uv": [
                        11.5,
                        6,
                        12,
                        6.5
                    ],
                    "rotation": 270,
                    "texture": "#0"
                },
                "up": {
                    "uv": [
                        11.5,
                        6,
                        12,
                        6.5
                    ],
                    "texture": "#0"
                },
                "down": {
                    "uv": [
                        11.5,
                        6,
                        12,
                        6.5
                    ],
                    "rotation": 180,
                    "texture": "#0"
                }
            }
        },
        {
            "from": [
                12.57008,
                10,
                3.8373
            ],
            "to": [
                13.57008,
                11,
                4.8373
            ],
            "light_emission": 4,
            "rotation": {
                "angle": -22.5,
                "axis": "y",
                "origin": [
                    3.77008,
                    8,
                    7.5873
                ]
            },
            "faces": {
                "north": {
                    "uv": [
                        11,
                        5,
                        11.5,
                        5.5
                    ],
                    "rotation": 180,
                    "texture": "#0"
                },
                "east": {
                    "uv": [
                        11,
                        5,
                        11.5,
                        5.5
                    ],
                    "rotation": 90,
                    "texture": "#0"
                },
                "west": {
                    "uv": [
                        11,
                        5,
                        11.5,
                        5.5
                    ],
                    "rotation": 270,
                    "texture": "#0"
                },
                "up": {
                    "uv": [
                        11,
                        5,
                        11.5,
                        5.5
                    ],
                    "texture": "#0"
                },
                "down": {
                    "uv": [
                        11,
                        5,
                        11.5,
                        5.5
                    ],
                    "rotation": 180,
                    "texture": "#0"
                }
            }
        },
        {
            "from": [
                12.57008,
                7.5,
                3.8373
            ],
            "to": [
                13.57008,
                8.5,
                4.8373
            ],
            "light_emission": 4,
            "rotation": {
                "angle": -22.5,
                "axis": "y",
                "origin": [
                    3.77008,
                    8,
                    7.5873
                ]
            },
            "faces": {
                "north": {
                    "uv": [
                        11,
                        5.5,
                        11.5,
                        6
                    ],
                    "rotation": 180,
                    "texture": "#0"
                },
                "east": {
                    "uv": [
                        11,
                        5.5,
                        11.5,
                        6
                    ],
                    "rotation": 90,
                    "texture": "#0"
                },
                "west": {
                    "uv": [
                        11,
                        5.5,
                        11.5,
                        6
                    ],
                    "rotation": 270,
                    "texture": "#0"
                },
                "up": {
                    "uv": [
                        11,
                        5.5,
                        11.5,
                        6
                    ],
                    "texture": "#0"
                },
                "down": {
                    "uv": [
                        11,
                        5.5,
                        11.5,
                        6
                    ],
                    "rotation": 180,
                    "texture": "#0"
                }
            }
        },
        {
            "from": [
                12.57008,
                5,
                3.8373
            ],
            "to": [
                13.57008,
                6,
                4.8373
            ],
            "light_emission": 4,
            "rotation": {
                "angle": -22.5,
                "axis": "y",
                "origin": [
                    3.77008,
                    8,
                    7.5873
                ]
            },
            "faces": {
                "north": {
                    "uv": [
                        11,
                        6,
                        11.5,
                        6.5
                    ],
                    "rotation": 180,
                    "texture": "#0"
                },
                "east": {
                    "uv": [
                        11,
                        6,
                        11.5,
                        6.5
                    ],
                    "rotation": 90,
                    "texture": "#0"
                },
                "west": {
                    "uv": [
                        11,
                        6,
                        11.5,
                        6.5
                    ],
                    "rotation": 270,
                    "texture": "#0"
                },
                "up": {
                    "uv": [
                        11,
                        6,
                        11.5,
                        6.5
                    ],
                    "texture": "#0"
                },
                "down": {
                    "uv": [
                        11,
                        6,
                        11.5,
                        6.5
                    ],
                    "rotation": 180,
                    "texture": "#0"
                }
            }
        },
        {
            "from": [
                9.57008,
                10,
                3.8373
            ],
            "to": [
                10.57008,
                11,
                4.8373
            ],
            "light_emission": 4,
            "rotation": {
                "angle": -22.5,
                "axis": "y",
                "origin": [
                    3.77008,
                    8,
                    7.5873
                ]
            },
            "faces": {
                "north": {
                    "uv": [
                        11.5,
                        5,
                        12,
                        5.5
                    ],
                    "rotation": 180,
                    "texture": "#0"
                },
                "east": {
                    "uv": [
                        11.5,
                        5,
                        12,
                        5.5
                    ],
                    "rotation": 90,
                    "texture": "#0"
                },
                "west": {
                    "uv": [
                        11.5,
                        5,
                        12,
                        5.5
                    ],
                    "rotation": 270,
                    "texture": "#0"
                },
                "up": {
                    "uv": [
                        11.5,
                        5,
                        12,
                        5.5
                    ],
                    "texture": "#0"
                },
                "down": {
                    "uv": [
                        11.5,
                        5,
                        12,
                        5.5
                    ],
                    "rotation": 180,
                    "texture": "#0"
                }
            }
        },
        {
            "from": [
                9.57008,
                7.5,
                3.8373
            ],
            "to": [
                10.57008,
                8.5,
                4.8373
            ],
            "light_emission": 4,
            "rotation": {
                "angle": -22.5,
                "axis": "y",
                "origin": [
                    3.77008,
                    8,
                    7.5873
                ]
            },
            "faces": {
                "north": {
                    "uv": [
                        11.5,
                        5.5,
                        12,
                        6
                    ],
                    "rotation": 180,
                    "texture": "#0"
                },
                "east": {
                    "uv": [
                        11.5,
                        5.5,
                        12,
                        6
                    ],
                    "rotation": 90,
                    "texture": "#0"
                },
                "west": {
                    "uv": [
                        11.5,
                        5.5,
                        12,
                        6
                    ],
                    "rotation": 270,
                    "texture": "#0"
                },
                "up": {
                    "uv": [
                        11.5,
                        5.5,
                        12,
                        6
                    ],
                    "texture": "#0"
                },
                "down": {
                    "uv": [
                        11.5,
                        5.5,
                        12,
                        6
                    ],
                    "rotation": 180,
                    "texture": "#0"
                }
            }
        },
        {
            "from": [
                9.57008,
                5,
                3.8373
            ],
            "to": [
                10.57008,
                6,
                4.8373
            ],
            "light_emission": 4,
            "rotation": {
                "angle": -22.5,
                "axis": "y",
                "origin": [
                    3.77008,
                    8,
                    7.5873
                ]
            },
            "faces": {
                "north": {
                    "uv": [
                        11.5,
                        6,
                        12,
                        6.5
                    ],
                    "rotation": 180,
                    "texture": "#0"
                },
                "east": {
                    "uv": [
                        11.5,
                        6,
                        12,
                        6.5
                    ],
                    "rotation": 90,
                    "texture": "#0"
                },
                "west": {
                    "uv": [
                        11.5,
                        6,
                        12,
                        6.5
                    ],
                    "rotation": 270,
                    "texture": "#0"
                },
                "up": {
                    "uv": [
                        11.5,
                        6,
                        12,
                        6.5
                    ],
                    "texture": "#0"
                },
                "down": {
                    "uv": [
                        11.5,
                        6,
                        12,
                        6.5
                    ],
                    "rotation": 180,
                    "texture": "#0"
                }
            }
        },
        {
            "from": [
                8.71719,
                2.499,
                6.56513
            ],
            "to": [
                -0.53281,
                13.499,
                8.81513
            ],
            "rotation": {
                "angle": 22.5,
                "axis": "y",
                "origin": [
                    4.21719,
                    7.999,
                    7.56513
                ]
            },
            "faces": {
                "north": {
                    "uv": [
                        10,
                        5,
                        11,
                        6
                    ],
                    "rotation": 90,
                    "texture": "#0"
                },
                "east": {
                    "uv": [
                        10,
                        5,
                        11,
                        6
                    ],
                    "texture": "#0"
                },
                "south": {
                    "uv": [
                        10,
                        5,
                        11,
                        6
                    ],
                    "rotation": 90,
                    "texture": "#0"
                },
                "up": {
                    "uv": [
                        10,
                        5,
                        11,
                        6
                    ],
                    "rotation": 90,
                    "texture": "#0"
                },
                "down": {
                    "uv": [
                        10,
                        5,
                        11,
                        6
                    ],
                    "rotation": 90,
                    "texture": "#0"
                }
            }
        },
        {
            "from": [
                16.53281,
                2.499,
                6.56513
            ],
            "to": [
                7.28281,
                13.524,
                8.81513
            ],
            "rotation": {
                "angle": -22.5,
                "axis": "y",
                "origin": [
                    11.78281,
                    7.999,
                    7.56513
                ]
            },
            "faces": {
                "north": {
                    "uv": [
                        10,
                        5,
                        11,
                        6
                    ],
                    "rotation": 90,
                    "texture": "#0"
                },
                "south": {
                    "uv": [
                        10,
                        5,
                        11,
                        6
                    ],
                    "rotation": 90,
                    "texture": "#0"
                },
                "west": {
                    "uv": [
                        10,
                        5,
                        11,
                        6
                    ],
                    "rotation": 90,
                    "texture": "#0"
                },
                "up": {
                    "uv": [
                        10,
                        5,
                        11,
                        6
                    ],
                    "rotation": 270,
                    "texture": "#0"
                },
                "down": {
                    "uv": [
                        10,
                        5,
                        11,
                        6
                    ],
                    "rotation": 270,
                    "texture": "#0"
                }
            }
        }
    ],
    "groups": [
        {
            "name": "open_book",
            "origin": [
                8.1625,
                8,
                5.53317
            ],
            "color": 0,
            "children": [
                0,
                1,
                2,
                3,
                4,
                5,
                6,
                7,
                8,
                9,
                10,
                11,
                12,
                13,
                14,
                15,
                16,
                {
                    "name": "group",
                    "origin": [
                        8.1625,
                        8,
                        5.53317
                    ],
                    "color": 0,
                    "children": [
                        17,
                        18,
                        19,
                        20,
                        21,
                        22
                    ]
                },
                {
                    "name": "group",
                    "origin": [
                        8.1625,
                        8,
                        5.53317
                    ],
                    "color": 0,
                    "children": [
                        23,
                        24,
                        25,
                        26,
                        27,
                        28
                    ]
                }
            ]
        },
        29,
        30
    ],
    "display": {
        "firstperson_righthand": {
            "rotation": [
                0,
                -180,
                0
            ],
            "translation": [
                1,
                0.75,
                -1.75
            ]
        }
    }
}