{
    "credit": "Bray + Cyberia were here",
    "parent": "minecraft:item/books_3d/template_book_open",
    "texture_size": [
        32,
        32
    ],
    "textures": {
        "0": "item/books_3d/luck_of_the_sea_3d",
        "1": "item/books_3d/luck_of_the_sea_fish",
        "2": "item/books_3d/luck_of_the_sea_rod",
        "particle": "item/books_3d/luck_of_the_sea_fish"
    },
    "elements": [
        {
            "name": "cover_left_rotation",
            "from": [
                8.06427,
                3,
                5.48283
            ],
            "to": [
                15.56427,
                13,
                6.55783
            ],
            "rotation": {
                "angle": -22.5,
                "axis": "y",
                "origin": [
                    8.11192,
                    8,
                    7.91853
                ]
            },
            "faces": {
                "north": {
                    "uv": [
                        0,
                        0,
                        4,
                        5
                    ],
                    "texture": "#0"
                },
                "east": {
                    "uv": [
                        11.5,
                        0,
                        12,
                        5
                    ],
                    "texture": "#0"
                },
                "south": {
                    "uv": [
                        10,
                        5,
                        6,
                        10
                    ],
                    "texture": "#0"
                },
                "up": {
                    "uv": [
                        6,
                        11.5,
                        10,
                        12
                    ],
                    "rotation": 180,
                    "texture": "#0"
                },
                "down": {
                    "uv": [
                        0,
                        11.5,
                        4,
                        12
                    ],
                    "texture": "#0"
                }
            }
        },
        {
            "name": "cover_right_rotation",
            "from": [
                0.43763,
                3,
                5.4924
            ],
            "to": [
                7.93763,
                13,
                6.5674
            ],
            "rotation": {
                "angle": 22.5,
                "axis": "y",
                "origin": [
                    7.86498,
                    8,
                    7.9281
                ]
            },
            "faces": {
                "north": {
                    "uv": [
                        6,
                        0,
                        10,
                        5
                    ],
                    "texture": "#0"
                },
                "south": {
                    "uv": [
                        0,
                        5,
                        4,
                        10
                    ],
                    "texture": "#0"
                },
                "west": {
                    "uv": [
                        10,
                        0,
                        10.5,
                        5
                    ],
                    "texture": "#0"
                },
                "up": {
                    "uv": [
                        6,
                        10,
                        10,
                        10.5
                    ],
                    "rotation": 180,
                    "texture": "#0"
                },
                "down": {
                    "uv": [
                        0,
                        10,
                        4,
                        10.5
                    ],
                    "rotation": 180,
                    "texture": "#0"
                }
            }
        },
        {
            "name": "cover_right_rotation",
            "from": [
                0.43763,
                3,
                5.4924
            ],
            "to": [
                7.93763,
                13,
                5.4924
            ],
            "rotation": {
                "angle": 22.5,
                "axis": "y",
                "origin": [
                    7.86498,
                    8,
                    7.9281
                ]
            },
            "faces": {
                "north": {
                    "uv": [
                        12,
                        0,
                        16,
                        5
                    ],
                    "texture": "#0"
                }
            }
        },
        {
            "name": "spine_rotation",
            "from": [
                7.001,
                3.001,
                5.651
            ],
            "to": [
                8.999,
                12.999,
                6.649
            ],
            "rotation": {
                "angle": 0,
                "axis": "y",
                "origin": [
                    8,
                    8,
                    8
                ]
            },
            "faces": {
                "north": {
                    "uv": [
                        4.5,
                        0,
                        5.5,
                        5
                    ],
                    "texture": "#0"
                },
                "south": {
                    "uv": [
                        10.5,
                        0,
                        11.5,
                        5
                    ],
                    "texture": "#0"
                },
                "up": {
                    "uv": [
                        9.5,
                        10.5,
                        10,
                        11.5
                    ],
                    "rotation": 270,
                    "texture": "#0"
                },
                "down": {
                    "uv": [
                        0,
                        10.5,
                        0.5,
                        11.5
                    ],
                    "rotation": 270,
                    "texture": "#0"
                }
            }
        },
        {
            "name": "page_left_rotation",
            "from": [
                7.6528,
                4,
                6.157
            ],
            "to": [
                14.5778,
                12,
                7.157
            ],
            "rotation": {
                "angle": -22.5,
                "axis": "y",
                "origin": [
                    8,
                    8,
                    8
                ]
            },
            "faces": {
                "east": {
                    "uv": [
                        15.5,
                        12,
                        16,
                        16
                    ],
                    "texture": "#0"
                },
                "south": {
                    "uv": [
                        12.5,
                        8,
                        16,
                        12
                    ],
                    "texture": "#0"
                },
                "west": {
                    "uv": [
                        12.5,
                        12,
                        13,
                        16
                    ],
                    "texture": "#0"
                },
                "up": {
                    "uv": [
                        16,
                        12.5,
                        12.5,
                        12
                    ],
                    "texture": "#0"
                },
                "down": {
                    "uv": [
                        16,
                        15.5,
                        12.5,
                        16
                    ],
                    "texture": "#0"
                }
            }
        },
        {
            "name": "page_right_rotation",
            "from": [
                1.4222,
                4,
                6.157
            ],
            "to": [
                8.3472,
                12,
                7.157
            ],
            "rotation": {
                "angle": 22.5,
                "axis": "y",
                "origin": [
                    8,
                    8,
                    8
                ]
            },
            "faces": {
                "east": {
                    "uv": [
                        12,
                        12,
                        12.5,
                        16
                    ],
                    "texture": "#0"
                },
                "south": {
                    "uv": [
                        5.5,
                        12,
                        9,
                        16
                    ],
                    "texture": "#0"
                },
                "west": {
                    "uv": [
                        9,
                        12,
                        9.5,
                        16
                    ],
                    "texture": "#0"
                },
                "up": {
                    "uv": [
                        12.5,
                        12.5,
                        9,
                        12
                    ],
                    "texture": "#0"
                },
                "down": {
                    "uv": [
                        12.5,
                        15.5,
                        9,
                        16
                    ],
                    "texture": "#0"
                }
            }
        },
        {
            "name": "flip_left_rotation",
            "from": [
                7.69967,
                3.99,
                7.18707
            ],
            "to": [
                14.71967,
                12.01,
                7.20707
            ],
            "rotation": {
                "angle": -45,
                "axis": "y",
                "origin": [
                    7.98825,
                    8,
                    7.49585
                ]
            },
            "faces": {
                "north": {
                    "uv": [
                        5.5,
                        12,
                        9,
                        16
                    ],
                    "texture": "#0"
                },
                "south": {
                    "uv": [
                        16,
                        12,
                        12.5,
                        16
                    ],
                    "texture": "#0"
                }
            }
        },
        {
            "name": "flip_right_rotation",
            "from": [
                1.42176,
                3.99,
                7.12849
            ],
            "to": [
                8.44176,
                12.01,
                7.14849
            ],
            "rotation": {
                "angle": 45,
                "axis": "y",
                "origin": [
                    8.15318,
                    8,
                    7.63729
                ]
            },
            "faces": {
                "north": {
                    "uv": [
                        5.5,
                        12,
                        9,
                        16
                    ],
                    "texture": "#0"
                },
                "south": {
                    "uv": [
                        9,
                        12,
                        12.5,
                        16
                    ],
                    "texture": "#0"
                }
            }
        },
        {
            "from": [
                1.12791,
                1.99,
                10.17611
            ],
            "to": [
                9.64791,
                14.01,
                10.19611
            ],
            "rotation": {
                "angle": 45,
                "axis": "y",
                "origin": [
                    4.88791,
                    8,
                    9.43611
                ]
            },
            "faces": {
                "north": {
                    "uv": [
                        8,
                        0,
                        0,
                        10
                    ],
                    "texture": "#1"
                },
                "south": {
                    "uv": [
                        0,
                        10,
                        8,
                        0
                    ],
                    "rotation": 180,
                    "texture": "#1"
                }
            }
        },
        {
            "from": [
                2.5088,
                3.8913,
                9.11199
            ],
            "to": [
                5.0088,
                6.3913,
                9.86199
            ],
            "rotation": {
                "angle": 22.5,
                "axis": "y",
                "origin": [
                    2.70844,
                    10.7663,
                    7.23699
                ]
            },
            "faces": {
                "north": {
                    "uv": [
                        7,
                        0,
                        4,
                        3
                    ],
                    "texture": "#2"
                },
                "east": {
                    "uv": [
                        6,
                        3,
                        7,
                        0
                    ],
                    "texture": "#2"
                },
                "south": {
                    "uv": [
                        7,
                        0,
                        4,
                        3
                    ],
                    "rotation": 180,
                    "texture": "#2"
                },
                "west": {
                    "uv": [
                        8,
                        0,
                        6,
                        1
                    ],
                    "rotation": 90,
                    "texture": "#2"
                },
                "up": {
                    "uv": [
                        7,
                        2,
                        4,
                        3
                    ],
                    "rotation": 180,
                    "texture": "#2"
                },
                "down": {
                    "uv": [
                        7,
                        0,
                        4,
                        1
                    ],
                    "texture": "#2"
                }
            }
        },
        {
            "from": [
                1.5088,
                0.8913,
                9.11199
            ],
            "to": [
                2.5088,
                15.8913,
                10.11199
            ],
            "rotation": {
                "angle": 22.5,
                "axis": "y",
                "origin": [
                    2.70844,
                    10.7663,
                    7.23699
                ]
            },
            "faces": {
                "north": {
                    "uv": [
                        4,
                        0,
                        3,
                        14
                    ],
                    "texture": "#2"
                },
                "east": {
                    "uv": [
                        0,
                        14,
                        1,
                        0
                    ],
                    "texture": "#2"
                },
                "south": {
                    "uv": [
                        2,
                        0,
                        1,
                        14
                    ],
                    "rotation": 180,
                    "texture": "#2"
                },
                "west": {
                    "uv": [
                        2,
                        14,
                        3,
                        0
                    ],
                    "rotation": 180,
                    "texture": "#2"
                },
                "up": {
                    "uv": [
                        2,
                        14,
                        1,
                        15
                    ],
                    "rotation": 180,
                    "texture": "#2"
                },
                "down": {
                    "uv": [
                        1,
                        14,
                        0,
                        15
                    ],
                    "texture": "#2"
                }
            }
        },
        {
            "from": [
                4.40807,
                6.81161,
                9.11199
            ],
            "to": [
                6.40807,
                8.81161,
                9.61199
            ],
            "rotation": {
                "angle": 22.5,
                "axis": "y",
                "origin": [
                    2.70844,
                    10.7663,
                    7.23699
                ]
            },
            "faces": {
                "north": {
                    "uv": [
                        7,
                        3,
                        4,
                        6
                    ],
                    "texture": "#2"
                },
                "east": {
                    "uv": [
                        4,
                        6,
                        5,
                        3
                    ],
                    "texture": "#2"
                },
                "south": {
                    "uv": [
                        7,
                        3,
                        4,
                        6
                    ],
                    "rotation": 180,
                    "texture": "#2"
                },
                "west": {
                    "uv": [
                        6,
                        6,
                        7,
                        3
                    ],
                    "rotation": 180,
                    "texture": "#2"
                },
                "up": {
                    "uv": [
                        7,
                        3,
                        4,
                        4
                    ],
                    "rotation": 180,
                    "texture": "#2"
                },
                "down": {
                    "uv": [
                        7,
                        3,
                        4,
                        4
                    ],
                    "texture": "#2"
                }
            }
        },
        {
            "from": [
                0.00818,
                12.99,
                9.93394
            ],
            "to": [
                2.02818,
                16.01,
                9.95394
            ],
            "rotation": {
                "angle": -45,
                "axis": "z",
                "origin": [
                    1.01818,
                    14.5,
                    9.94394
                ]
            },
            "faces": {
                "north": {
                    "uv": [
                        7,
                        0,
                        10,
                        4
                    ],
                    "texture": "#2"
                },
                "south": {
                    "uv": [
                        7,
                        4,
                        10,
                        0
                    ],
                    "rotation": 180,
                    "texture": "#2"
                }
            }
        }
    ],
    "groups": [
        {
            "name": "open_book",
            "origin": [
                8.1625,
                8,
                5.53317
            ],
            "color": 0,
            "children": [
                0,
                1,
                2,
                3,
                4,
                5,
                6,
                7
            ]
        },
        8,
        {
            "name": "group",
            "origin": [
                7.6971,
                10.25,
                8.04328
            ],
            "color": 0,
            "children": [
                9,
                10,
                11,
                12
            ]
        }
    ],
    "display": {
        "firstperson_righthand": {
            "rotation": [
                0,
                -180,
                0
            ],
            "translation": [
                1,
                0.75,
                -1.75
            ]
        }
    }
}