{
	"credit": "Bray was here :)",
	"parent": "minecraft:item/books_3d/template_book_closed",
	"texture_size": [32, 32],
	"textures": {
		"0": "item/books_3d/piercing_3d",
		"1": "item/books_3d/projectile_protection_arrow",
		"particle": "item/books_3d/piercing_3d"
	},
	"elements": [
		{
			"name": "paper",
			"from": [4.5, 7, 3.5],
			"to": [11, 9, 12.5],
			"rotation": {"angle": 0, "axis": "y", "origin": [9.625, 8, 8]},
			"faces": {
				"north": {"uv": [0, 13.5, 3, 14.5], "texture": "#0"},
				"south": {"uv": [0, 14.5, 3, 15.5], "texture": "#0"},
				"west": {"uv": [0, 12.5, 4.5, 13.5], "texture": "#0"}
			}
		},
		{
			"from": [4, 9, 3],
			"to": [12, 10, 13],
			"light_emission": 4,
			"rotation": {"angle": 0, "axis": "y", "origin": [10, 8, 11]},
			"faces": {
				"north": {"uv": [0, 10, 4, 10.5], "texture": "#0"},
				"east": {"uv": [5.5, 0, 6, 5], "rotation": 270, "texture": "#0"},
				"south": {"uv": [6, 10, 10, 10.5], "texture": "#0"},
				"west": {"uv": [10, 0, 10.5, 5], "rotation": 90, "texture": "#0"},
				"up": {"uv": [6, 0, 10, 5], "rotation": 180, "texture": "#0"},
				"down": {"uv": [6, 5, 10, 10], "texture": "#0"}
			}
		},
		{
			"from": [4, 6, 3],
			"to": [12, 7, 13],
			"light_emission": 4,
			"rotation": {"angle": 0, "axis": "y", "origin": [10, 5, 11]},
			"faces": {
				"north": {"uv": [0, 11.5, 4, 12], "texture": "#0"},
				"east": {"uv": [4, 0, 4.5, 5], "rotation": 270, "texture": "#0"},
				"south": {"uv": [6, 11.5, 10, 12], "texture": "#0"},
				"west": {"uv": [11.5, 0, 12, 5], "rotation": 90, "texture": "#0"},
				"up": {"uv": [0, 5, 4, 10], "texture": "#0"},
				"down": {"uv": [0, 0, 4, 5], "texture": "#0"}
			}
		},
		{
			"from": [11, 7, 3],
			"to": [12, 9, 13],
			"light_emission": 4,
			"rotation": {"angle": 0, "axis": "y", "origin": [10, 6, 11]},
			"faces": {
				"north": {"uv": [0, 10.5, 0.5, 11.5], "texture": "#0"},
				"east": {"uv": [4.5, 0, 5.5, 5], "rotation": 270, "texture": "#0"},
				"south": {"uv": [9.5, 10.5, 10, 11.5], "texture": "#0"},
				"west": {"uv": [10.5, 0, 11.5, 5], "rotation": 90, "texture": "#0"}
			}
		},
		{
			"from": [6, 10, 4],
			"to": [10, 10.5, 10],
			"faces": {
				"north": {"uv": [7, 4, 9, 4.5], "texture": "#0"},
				"east": {"uv": [7, 1.5, 7.5, 4.5], "rotation": 270, "texture": "#0"},
				"south": {"uv": [7, 1.5, 9, 2], "rotation": 180, "texture": "#0"},
				"west": {"uv": [8.5, 1.5, 9, 4.5], "rotation": 90, "texture": "#0"},
				"up": {"uv": [7, 1.5, 9, 4.5], "rotation": 180, "texture": "#0"}
			}
		},
		{
			"from": [10, 10, 5],
			"to": [11, 10.5, 9],
			"faces": {
				"north": {"uv": [6.5, 3.5, 7, 4], "texture": "#0"},
				"east": {"uv": [6.5, 2, 7, 4], "rotation": 270, "texture": "#0"},
				"south": {"uv": [6.5, 2, 7, 2.5], "rotation": 180, "texture": "#0"},
				"up": {"uv": [6.5, 2, 7, 4], "rotation": 180, "texture": "#0"}
			}
		},
		{
			"from": [7, 10, 10],
			"to": [8, 10.5, 11],
			"faces": {
				"north": {"uv": [8, 1, 8.5, 1.5], "texture": "#0"},
				"east": {"uv": [8, 1, 8.5, 1.5], "rotation": 270, "texture": "#0"},
				"south": {"uv": [8, 1, 8.5, 1.5], "rotation": 270, "texture": "#0"},
				"west": {"uv": [8, 1, 8.5, 1.5], "rotation": 90, "texture": "#0"},
				"up": {"uv": [8, 1, 8.5, 1.5], "rotation": 180, "texture": "#0"}
			}
		},
		{
			"from": [8, 10, 11],
			"to": [9, 10.5, 12],
			"faces": {
				"north": {"uv": [7.5, 0.5, 8, 1], "texture": "#0"},
				"east": {"uv": [7.5, 0.5, 8, 1], "rotation": 270, "texture": "#0"},
				"south": {"uv": [7.5, 0.5, 8, 1], "rotation": 270, "texture": "#0"},
				"west": {"uv": [7.5, 0.5, 8, 1], "rotation": 90, "texture": "#0"},
				"up": {"uv": [7.5, 0.5, 8, 1], "rotation": 180, "texture": "#0"}
			}
		},
		{
			"from": [5, 10, 5],
			"to": [6, 10.5, 9],
			"rotation": {"angle": 0, "axis": "y", "origin": [10.5, 10.25, 7]},
			"faces": {
				"north": {"uv": [9.5, 3.5, 9, 4], "texture": "#0"},
				"south": {"uv": [9.5, 2, 9, 2.5], "rotation": 180, "texture": "#0"},
				"west": {"uv": [9, 4, 9.5, 2], "rotation": 270, "texture": "#0"},
				"up": {"uv": [9.5, 2, 9, 4], "rotation": 180, "texture": "#0"}
			}
		},
		{
			"from": [5.99, 4.99, 6.99],
			"to": [10.01, 16.01, 7.01],
			"rotation": {"angle": -22.5, "axis": "x", "origin": [4, 10, 5]},
			"faces": {
				"north": {"uv": [1, 0, 6, 9], "texture": "#1"},
				"south": {"uv": [1, 0, 6, 9], "texture": "#1"}
			}
		},
		{
			"from": [7.99, 4.99, 4.99],
			"to": [8.01, 16.01, 9.01],
			"rotation": {"angle": -22.5, "axis": "x", "origin": [4, 10, 5]},
			"faces": {
				"east": {"uv": [1, 0, 6, 9], "texture": "#1"},
				"west": {"uv": [1, 0, 6, 9], "texture": "#1"}
			}
		}
	],
	"groups": [
		{
			"name": "closed_book",
			"origin": [7.375, 8, 3],
			"color": 0,
			"children": [0, 1, 2, 3]
		},
		{
			"name": "Apple",
			"origin": [10.5, 10.25, 7],
			"color": 0,
			"children": [4, 5, 6, 7, 8]
		},
		{
			"name": "arrow",
			"origin": [7, 11.25, 6],
			"color": 0,
			"children": [9, 10]
		}
	]
}