{
	"credit": "Bray was here :)",
	"parent": "minecraft:item/books_3d/template_book_closed",
	"texture_size": [32, 32],
	"textures": {
		"0": "item/books_3d/projectile_protection_3d",
		"1": "item/books_3d/projectile_protection_arrow",
		"particle": "item/books_3d/projectile_protection_3d"
	},
	"elements": [
		{
			"name": "paper",
			"from": [4.5, 7, 3.5],
			"to": [11, 9, 12.5],
			"light_emission": 4,
			"rotation": {"angle": 0, "axis": "y", "origin": [9.625, 8, 8]},
			"faces": {
				"north": {"uv": [0, 13.5, 3, 14.5], "texture": "#0"},
				"south": {"uv": [0, 14.5, 3, 15.5], "texture": "#0"},
				"west": {"uv": [0, 12.5, 4.5, 13.5], "texture": "#0"}
			}
		},
		{
			"from": [4, 9, 3],
			"to": [5, 10, 13],
			"light_emission": 4,
			"rotation": {"angle": 0, "axis": "y", "origin": [10, 8, 11]},
			"faces": {
				"north": {"uv": [3.5, 10, 4, 10.5], "texture": "#0"},
				"east": {"uv": [5.5, 0, 6, 5], "rotation": 270, "texture": "#0"},
				"south": {"uv": [6, 10, 6.5, 10.5], "texture": "#0"},
				"west": {"uv": [10, 0, 10.5, 5], "rotation": 90, "texture": "#0"},
				"up": {"uv": [9.5, 0, 10, 5], "rotation": 180, "texture": "#0"},
				"down": {"uv": [6, 5, 6.5, 10], "texture": "#0"}
			}
		},
		{
			"from": [5, 9, 3],
			"to": [11, 10, 4],
			"light_emission": 4,
			"rotation": {"angle": 0, "axis": "y", "origin": [10, 8, 11]},
			"faces": {
				"north": {"uv": [0.5, 10, 3.5, 10.5], "texture": "#0"},
				"east": {"uv": [5.5, 4.5, 6, 5], "rotation": 270, "texture": "#0"},
				"south": {"uv": [6.5, 10, 9.5, 10.5], "texture": "#0"},
				"west": {"uv": [10, 4.5, 10.5, 5], "rotation": 90, "texture": "#0"},
				"up": {"uv": [6.5, 4.5, 9.5, 5], "rotation": 180, "texture": "#0"},
				"down": {"uv": [6.5, 9.5, 9.5, 10], "texture": "#0"}
			}
		},
		{
			"from": [5, 9, 4],
			"to": [11, 9.75, 12],
			"light_emission": 4,
			"rotation": {"angle": 0, "axis": "y", "origin": [10, 8, 11]},
			"faces": {
				"north": {"uv": [0.5, 10, 3.5, 10.5], "texture": "#0"},
				"east": {"uv": [5.5, 0.5, 6, 4.5], "rotation": 270, "texture": "#0"},
				"south": {"uv": [6.5, 10, 9.5, 10.5], "texture": "#0"},
				"west": {"uv": [10, 0.5, 10.5, 4.5], "rotation": 90, "texture": "#0"},
				"up": {"uv": [6.5, 0.5, 9.5, 4.5], "rotation": 180, "texture": "#0"},
				"down": {"uv": [6.5, 5.5, 9.5, 9.5], "texture": "#0"}
			}
		},
		{
			"from": [5, 9, 12],
			"to": [11, 10, 13],
			"light_emission": 4,
			"rotation": {"angle": 0, "axis": "y", "origin": [10, 8, 11]},
			"faces": {
				"north": {"uv": [0.5, 10, 3.5, 10.5], "texture": "#0"},
				"east": {"uv": [5.5, 0, 6, 0.5], "rotation": 270, "texture": "#0"},
				"south": {"uv": [6.5, 10, 9.5, 10.5], "texture": "#0"},
				"west": {"uv": [10, 0, 10.5, 0.5], "rotation": 90, "texture": "#0"},
				"up": {"uv": [6.5, 0, 9.5, 0.5], "rotation": 180, "texture": "#0"},
				"down": {"uv": [6.5, 5, 9.5, 5.5], "texture": "#0"}
			}
		},
		{
			"from": [11, 9, 3],
			"to": [12, 10, 13],
			"light_emission": 4,
			"rotation": {"angle": 0, "axis": "y", "origin": [10, 8, 11]},
			"faces": {
				"north": {"uv": [0, 10, 0.5, 10.5], "texture": "#0"},
				"east": {"uv": [5.5, 0, 6, 5], "rotation": 270, "texture": "#0"},
				"south": {"uv": [9.5, 10, 10, 10.5], "texture": "#0"},
				"west": {"uv": [10, 0, 10.5, 5], "rotation": 90, "texture": "#0"},
				"up": {"uv": [6, 0, 6.5, 5], "rotation": 180, "texture": "#0"},
				"down": {"uv": [9.5, 5, 10, 10], "texture": "#0"}
			}
		},
		{
			"from": [4, 6, 3],
			"to": [5, 7, 13],
			"light_emission": 4,
			"rotation": {"angle": 0, "axis": "y", "origin": [10, 5, 11]},
			"faces": {
				"north": {"uv": [3.5, 11.5, 4, 12], "texture": "#0"},
				"east": {"uv": [4, 0, 4.5, 5], "rotation": 270, "texture": "#0"},
				"south": {"uv": [6, 11.5, 6.5, 12], "texture": "#0"},
				"west": {"uv": [11.5, 0, 12, 5], "rotation": 90, "texture": "#0"},
				"up": {"uv": [0, 5, 0.5, 10], "texture": "#0"},
				"down": {"uv": [0, 0, 0.5, 5], "texture": "#0"}
			}
		},
		{
			"from": [5, 6, 3],
			"to": [11, 7, 4],
			"light_emission": 4,
			"rotation": {"angle": 0, "axis": "y", "origin": [10, 5, 11]},
			"faces": {
				"north": {"uv": [0.5, 11.5, 3.5, 12], "texture": "#0"},
				"east": {"uv": [4, 4.5, 4.5, 5], "rotation": 270, "texture": "#0"},
				"south": {"uv": [6.5, 11.5, 9.5, 12], "texture": "#0"},
				"west": {"uv": [11.5, 4.5, 12, 5], "rotation": 90, "texture": "#0"},
				"up": {"uv": [0.5, 5, 3.5, 5.5], "texture": "#0"},
				"down": {"uv": [0.5, 4.5, 3.5, 5], "texture": "#0"}
			}
		},
		{
			"from": [5, 6.25, 4],
			"to": [11, 7, 12],
			"light_emission": 4,
			"rotation": {"angle": 0, "axis": "y", "origin": [10, 5, 11]},
			"faces": {
				"north": {"uv": [0.5, 11.5, 3.5, 12], "texture": "#0"},
				"east": {"uv": [4, 0.5, 4.5, 4.5], "rotation": 270, "texture": "#0"},
				"south": {"uv": [6.5, 11.5, 9.5, 12], "texture": "#0"},
				"west": {"uv": [11.5, 0.5, 12, 4.5], "rotation": 90, "texture": "#0"},
				"up": {"uv": [0.5, 5.5, 3.5, 9.5], "texture": "#0"},
				"down": {"uv": [0.5, 0.5, 3.5, 4.5], "texture": "#0"}
			}
		},
		{
			"from": [5, 6, 12],
			"to": [11, 7, 13],
			"light_emission": 4,
			"rotation": {"angle": 0, "axis": "y", "origin": [10, 5, 11]},
			"faces": {
				"north": {"uv": [0.5, 11.5, 3.5, 12], "texture": "#0"},
				"east": {"uv": [4, 0, 4.5, 0.5], "rotation": 270, "texture": "#0"},
				"south": {"uv": [6.5, 11.5, 9.5, 12], "texture": "#0"},
				"west": {"uv": [11.5, 0, 12, 0.5], "rotation": 90, "texture": "#0"},
				"up": {"uv": [0.5, 9.5, 3.5, 10], "texture": "#0"},
				"down": {"uv": [0.5, 0, 3.5, 0.5], "texture": "#0"}
			}
		},
		{
			"from": [11, 6, 3],
			"to": [12, 7, 13],
			"light_emission": 4,
			"rotation": {"angle": 0, "axis": "y", "origin": [10, 5, 11]},
			"faces": {
				"north": {"uv": [0, 11.5, 0.5, 12], "texture": "#0"},
				"east": {"uv": [4, 0, 4.5, 5], "rotation": 270, "texture": "#0"},
				"south": {"uv": [9.5, 11.5, 10, 12], "texture": "#0"},
				"west": {"uv": [11.5, 0, 12, 5], "rotation": 90, "texture": "#0"},
				"up": {"uv": [3.5, 5, 4, 10], "texture": "#0"},
				"down": {"uv": [3.5, 0, 4, 5], "texture": "#0"}
			}
		},
		{
			"from": [11, 7, 3],
			"to": [12, 9, 4],
			"light_emission": 4,
			"rotation": {"angle": 0, "axis": "y", "origin": [10, 6, 11]},
			"faces": {
				"north": {"uv": [0, 10.5, 0.5, 11.5], "texture": "#0"},
				"east": {"uv": [4.5, 4.5, 5.5, 5], "rotation": 270, "texture": "#0"},
				"south": {"uv": [9.5, 10.5, 10, 11.5], "texture": "#0"},
				"west": {"uv": [10.5, 4.5, 11.5, 5], "rotation": 90, "texture": "#0"}
			}
		},
		{
			"from": [11, 7, 4],
			"to": [11.75, 9, 12],
			"light_emission": 4,
			"rotation": {"angle": 0, "axis": "y", "origin": [10, 6, 11]},
			"faces": {
				"north": {"uv": [0, 10.5, 0.5, 11.5], "texture": "#0"},
				"east": {"uv": [4.5, 0.5, 5.5, 4.5], "rotation": 270, "texture": "#0"},
				"south": {"uv": [9.5, 10.5, 10, 11.5], "texture": "#0"},
				"west": {"uv": [10.5, 0.5, 11.5, 4.5], "rotation": 90, "texture": "#0"}
			}
		},
		{
			"from": [11, 7, 12],
			"to": [12, 9, 13],
			"light_emission": 4,
			"rotation": {"angle": 0, "axis": "y", "origin": [10, 6, 11]},
			"faces": {
				"north": {"uv": [0, 10.5, 0.5, 11.5], "texture": "#0"},
				"east": {"uv": [4.5, 0, 5.5, 0.5], "rotation": 270, "texture": "#0"},
				"south": {"uv": [9.5, 10.5, 10, 11.5], "texture": "#0"},
				"west": {"uv": [10.5, 0, 11.5, 0.5], "rotation": 90, "texture": "#0"}
			}
		},
		{
			"from": [9, 6, 10],
			"to": [10, 10, 11],
			"light_emission": 4,
			"rotation": {"angle": 0, "axis": "y", "origin": [9, 9.75, 9]},
			"faces": {
				"north": {"uv": [11, 5, 11.5, 5.5], "texture": "#0"},
				"east": {"uv": [11, 5, 11.5, 5.5], "texture": "#0"},
				"south": {"uv": [11, 5, 11.5, 5.5], "texture": "#0"},
				"west": {"uv": [11, 5, 11.5, 5.5], "texture": "#0"},
				"up": {"uv": [11, 5, 11.5, 5.5], "texture": "#0"},
				"down": {"uv": [11, 5, 11.5, 5.5], "texture": "#0"}
			}
		},
		{
			"from": [9, 6, 7.5],
			"to": [10, 10, 8.5],
			"light_emission": 4,
			"rotation": {"angle": 0, "axis": "y", "origin": [9, 9.75, 6]},
			"faces": {
				"north": {"uv": [11, 5.5, 11.5, 6], "texture": "#0"},
				"east": {"uv": [11, 5.5, 11.5, 6], "texture": "#0"},
				"south": {"uv": [11, 5.5, 11.5, 6], "texture": "#0"},
				"west": {"uv": [11, 5.5, 11.5, 6], "texture": "#0"},
				"up": {"uv": [11, 5.5, 11.5, 6], "texture": "#0"},
				"down": {"uv": [11, 5.5, 11.5, 6], "texture": "#0"}
			}
		},
		{
			"from": [9, 6, 5],
			"to": [10, 10, 6],
			"light_emission": 4,
			"rotation": {"angle": 0, "axis": "y", "origin": [9, 9.75, 4]},
			"faces": {
				"north": {"uv": [11, 6, 11.5, 6.5], "texture": "#0"},
				"east": {"uv": [11, 6, 11.5, 6.5], "texture": "#0"},
				"south": {"uv": [11, 6, 11.5, 6.5], "texture": "#0"},
				"west": {"uv": [11, 6, 11.5, 6.5], "texture": "#0"},
				"up": {"uv": [11, 6, 11.5, 6.5], "texture": "#0"},
				"down": {"uv": [11, 6, 11.5, 6.5], "texture": "#0"}
			}
		},
		{
			"from": [6, 6, 10],
			"to": [7, 10, 11],
			"light_emission": 4,
			"rotation": {"angle": 0, "axis": "y", "origin": [6, 9.75, 9]},
			"faces": {
				"north": {"uv": [11.5, 5, 12, 5.5], "texture": "#0"},
				"east": {"uv": [11.5, 5, 12, 5.5], "texture": "#0"},
				"south": {"uv": [11.5, 5, 12, 5.5], "texture": "#0"},
				"west": {"uv": [11.5, 5, 12, 5.5], "texture": "#0"},
				"up": {"uv": [11.5, 5, 12, 5.5], "texture": "#0"},
				"down": {"uv": [11.5, 5, 12, 5.5], "texture": "#0"}
			}
		},
		{
			"from": [6, 6, 7.5],
			"to": [7, 10, 8.5],
			"light_emission": 4,
			"rotation": {"angle": 0, "axis": "y", "origin": [6, 9.75, 6]},
			"faces": {
				"north": {"uv": [11.5, 5.5, 12, 6], "texture": "#0"},
				"east": {"uv": [11.5, 5.5, 12, 6], "texture": "#0"},
				"south": {"uv": [11.5, 5.5, 12, 6], "texture": "#0"},
				"west": {"uv": [11.5, 5.5, 12, 6], "texture": "#0"},
				"up": {"uv": [11.5, 5.5, 12, 6], "texture": "#0"},
				"down": {"uv": [11.5, 5.5, 12, 6], "texture": "#0"}
			}
		},
		{
			"from": [6, 6, 5],
			"to": [7, 10, 6],
			"light_emission": 4,
			"rotation": {"angle": 0, "axis": "y", "origin": [6, 9.75, 4]},
			"faces": {
				"north": {"uv": [11.5, 6, 12, 6.5], "texture": "#0"},
				"east": {"uv": [11.5, 6, 12, 6.5], "texture": "#0"},
				"south": {"uv": [11.5, 6, 12, 6.5], "texture": "#0"},
				"west": {"uv": [11.5, 6, 12, 6.5], "texture": "#0"},
				"up": {"uv": [11.5, 6, 12, 6.5], "texture": "#0"},
				"down": {"uv": [11.5, 6, 12, 6.5], "texture": "#0"}
			}
		},
		{
			"from": [-0.01, 7.99, 5.99],
			"to": [6.01, 12.01, 6.01],
			"rotation": {"angle": -45, "axis": "z", "origin": [4, 10, 6]},
			"faces": {
				"north": {"uv": [1, 0, 6, 9], "rotation": 90, "texture": "#1"},
				"south": {"uv": [1, 0, 6, 9], "rotation": 270, "texture": "#1"}
			}
		},
		{
			"from": [-0.01, 9.99, 3.99],
			"to": [6.01, 10.01, 8.01],
			"rotation": {"angle": -45, "axis": "z", "origin": [4, 10, 6]},
			"faces": {
				"up": {"uv": [1, 0, 6, 9], "rotation": 270, "texture": "#1"},
				"down": {"uv": [1, 0, 6, 9], "rotation": 270, "texture": "#1"}
			}
		},
		{
			"from": [9.49, 7.99, 8.49],
			"to": [18.51, 8.01, 13.51],
			"rotation": {"angle": -22.5, "axis": "y", "origin": [15, 8, 13]},
			"faces": {
				"up": {"uv": [1, 0, 6, 9], "rotation": 90, "texture": "#1"},
				"down": {"uv": [1, 0, 6, 9], "rotation": 90, "texture": "#1"}
			}
		},
		{
			"from": [9.49, 5.49, 10.99],
			"to": [18.51, 10.51, 11.01],
			"rotation": {"angle": -22.5, "axis": "y", "origin": [15, 8, 13]},
			"faces": {
				"north": {"uv": [1, 0, 6, 9], "rotation": 270, "texture": "#1"},
				"south": {"uv": [1, 0, 6, 9], "rotation": 90, "texture": "#1"}
			}
		},
		{
			"from": [6.99, 7.74, 11.24],
			"to": [11.01, 7.76, 17.26],
			"rotation": {"angle": -22.5, "axis": "x", "origin": [9, 7.75, 14.25]},
			"faces": {
				"up": {"uv": [1, 0, 6, 9], "rotation": 180, "texture": "#1"},
				"down": {"uv": [1, 0, 6, 9], "texture": "#1"}
			}
		},
		{
			"from": [8.99, 5.74, 11.24],
			"to": [9.01, 9.76, 17.26],
			"rotation": {"angle": -22.5, "axis": "x", "origin": [9, 7.75, 14.25]},
			"faces": {
				"east": {"uv": [1, 0, 6, 9], "rotation": 270, "texture": "#1"},
				"west": {"uv": [1, 0, 6, 9], "rotation": 90, "texture": "#1"}
			}
		}
	],
	"groups": [
		{
			"name": "closed_book",
			"origin": [7.375, 8, 3],
			"color": 0,
			"children": [0, 1, 2, 3, 4, 5, 6, 7, 8, 9, 10, 11, 12, 13, 14, 15, 16, 17, 18, 19]
		},
		{
			"name": "arrow",
			"origin": [7, 11.25, 6],
			"color": 0,
			"children": [20, 21]
		},
		{
			"name": "arrow",
			"origin": [7, 11.25, 6],
			"color": 0,
			"children": [22, 23]
		},
		{
			"name": "arrow",
			"origin": [7, 11.25, 6],
			"color": 0,
			"children": [24, 25]
		}
	]
}