{
	"credit": "Bray + Cyberia were here :)",
	"texture_size": [32, 32],
	"elements": [
		{
			"name": "paper",
			"from": [4.5, 7, 3.5],
			"to": [11, 9, 12.5],
			"rotation": {"angle": 0, "axis": "y", "origin": [9.625, 8, 8]},
			"color": 3,
			"faces": {
				"north": {"uv": [0, 13.5, 3, 14.5], "texture": "#missing"},
				"south": {"uv": [0, 14.5, 3, 15.5], "texture": "#missing"},
				"west": {"uv": [0, 12.5, 4.5, 13.5], "texture": "#missing"}
			}
		},
		{
			"name": "cover",
			"from": [4, 9, 3],
			"to": [12, 10, 13],
			"rotation": {"angle": 0, "axis": "y", "origin": [10, 8, 11]},
			"color": 7,
			"faces": {
				"north": {"uv": [0, 10, 4, 10.5], "texture": "#missing"},
				"east": {"uv": [5.5, 0, 6, 5], "rotation": 270, "texture": "#missing"},
				"south": {"uv": [6, 10, 10, 10.5], "texture": "#missing"},
				"west": {"uv": [10, 0, 10.5, 5], "rotation": 90, "texture": "#missing"},
				"up": {"uv": [6, 0, 10, 5], "rotation": 180, "texture": "#missing"},
				"down": {"uv": [6, 5, 10, 10], "texture": "#missing"}
			}
		},
		{
			"name": "cover overlay",
			"from": [3.99, 9.99, 2.99],
			"to": [12.01, 10.01, 13.01],
			"rotation": {"angle": 0, "axis": "y", "origin": [10, 8, 11]},
			"color": 2,
			"faces": {
				"up": {"uv": [12, 0, 16, 5], "rotation": 180, "texture": "#missing"}
			}
		},
		{
			"name": "back",
			"from": [4, 6, 3],
			"to": [12, 7, 13],
			"rotation": {"angle": 0, "axis": "y", "origin": [10, 5, 11]},
			"color": 6,
			"faces": {
				"north": {"uv": [0, 11.5, 4, 12], "texture": "#missing"},
				"east": {"uv": [4, 0, 4.5, 5], "rotation": 270, "texture": "#missing"},
				"south": {"uv": [6, 11.5, 10, 12], "texture": "#missing"},
				"west": {"uv": [11.5, 0, 12, 5], "rotation": 90, "texture": "#missing"},
				"up": {"uv": [0, 5, 4, 10], "texture": "#missing"},
				"down": {"uv": [0, 0, 4, 5], "texture": "#missing"}
			}
		},
		{
			"name": "spine",
			"from": [11, 7, 3],
			"to": [12, 9, 13],
			"rotation": {"angle": 0, "axis": "y", "origin": [10, 6, 11]},
			"color": 9,
			"faces": {
				"north": {"uv": [0, 10.5, 0.5, 11.5], "texture": "#missing"},
				"east": {"uv": [4.5, 0, 5.5, 5], "rotation": 270, "texture": "#missing"},
				"south": {"uv": [9.5, 10.5, 10, 11.5], "texture": "#missing"},
				"west": {"uv": [10.5, 0, 11.5, 5], "rotation": 90, "texture": "#missing"}
			}
		},
		{
			"name": "gem",
			"from": [3.975, 5.975, 7],
			"to": [3.975, 10.025, 9],
			"rotation": {"angle": 0, "axis": "y", "origin": [2, 9, 7]},
			"color": 0,
			"faces": {
				"east": {"uv": [10, 5, 11, 7], "texture": "#missing"},
				"west": {"uv": [10, 5, 11, 7], "texture": "#missing"},
				"up": {"uv": [10, 5, 11, 5.5], "rotation": 90, "texture": "#missing"},
				"down": {"uv": [10, 6.5, 11, 7], "rotation": 90, "texture": "#missing"}
			}
		},
		{
			"name": "gem",
			"from": [3.975, 10.025, 7],
			"to": [5, 10.025, 9],
			"rotation": {"angle": 0, "axis": "y", "origin": [2, 9, 7]},
			"color": 6,
			"faces": {
				"up": {"uv": [10, 5, 11, 5.5], "rotation": 90, "texture": "#missing"},
				"down": {"uv": [10, 5, 11, 5.5], "rotation": 90, "texture": "#missing"}
			}
		},
		{
			"name": "gem",
			"from": [3.975, 5.975, 7],
			"to": [5, 5.975, 9],
			"rotation": {"angle": 0, "axis": "y", "origin": [2, 9, 7]},
			"color": 9,
			"faces": {
				"up": {"uv": [10, 6.5, 11, 7], "rotation": 90, "texture": "#missing"},
				"down": {"uv": [10, 6.5, 11, 7], "rotation": 90, "texture": "#missing"}
			}
		}
	],
	"display": {
		"thirdperson_righthand": {
			"rotation": [-45, 0, -80],
			"translation": [-0.75, 1, -0.25],
			"scale": [0.75, 0.75, 0.75]
		},
		"thirdperson_lefthand": {
			"rotation": [-45, 0, 100],
			"translation": [-0.75, 1, -0.25],
			"scale": [0.75, 0.75, 0.75]
		},
		"firstperson_righthand": {
			"rotation": [-100, 15, 90],
			"translation": [1.5, 3.5, -1],
			"scale": [0.75, 0.75, 0.75]
		},
		"firstperson_lefthand": {
			"rotation": [-100, 15, -165],
			"translation": [2.75, 3.5, -1],
			"scale": [0.75, 0.75, 0.75]
		},
		"ground": {
			"rotation": [-90, 0, 180],
			"translation": [0, 2, 0],
			"scale": [0.6, 0.6, 0.6]
		},
		"gui": {
			"rotation": [35, 135, 0]
		},
		"head": {
			"rotation": [0, 180, 0],
			"translation": [0, 8.75, 0],
			"scale": [1.15, 1.15, 1.15]
		},
		"fixed": {
			"rotation": [-90, 0, 0],
			"translation": [0, 0, -2]
		}
	},
	"groups": [
		{
			"name": "closed_book",
			"origin": [7.375, 8, 3],
			"color": 0,
			"children": [
				0,
				1,
				2,
				3,
				4,
				{
					"name": "clasp",
					"origin": [2, 9, 7],
					"color": 0,
					"children": [5, 6, 7]
				}
			]
		}
	]
}