{
  "model": {
    "type": "minecraft:condition",
    "property": "minecraft:has_component",
    "component": "minecraft:custom_name",
    "on_true": {
      "type": "minecraft:select",
      "property": "minecraft:component",
      "component": "minecraft:custom_name",
      "cases": [
        {
          "when": [
            "Birch Armor Stand",
            "Armor Stand Birch",
            "Birch"
          ],
          "model": {
            "type": "minecraft:model",
            "model": "minecraft:item/armor_stand_birch"
          }
        },
        {
          "when": [
            "Spruce Armor Stand",
            "Armor Stand Spruce",
            "Spruce"
          ],
          "model": {
            "type": "minecraft:model",
            "model": "minecraft:item/armor_stand_spruce"
          }
        },
        {
          "when": [
            "Jungle Armor Stand",
            "Armor Stand Jungle",
            "Jungle"
          ],
          "model": {
            "type": "minecraft:model",
            "model": "minecraft:item/armor_stand_jungle"
          }
        },
        {
          "when": [
            "Acacia Armor Stand",
            "Armor Stand Acacia",
            "Acacia"
          ],
          "model": {
            "type": "minecraft:model",
            "model": "minecraft:item/armor_stand_acacia"
          }
        },
        {
          "when": [
            "Dark Oak Armor Stand",
            "Armor Stand Dark Oak",
            "Dark Oak"
          ],
          "model": {
            "type": "minecraft:model",
            "model": "minecraft:item/armor_stand_dark_oak"
          }
        },
        {
          "when": [
            "Mangrove Armor Stand",
            "Armor Stand Mangrove",
            "Mangrove"
          ],
          "model": {
            "type": "minecraft:model",
            "model": "minecraft:item/armor_stand_mangrove"
          }
        },
        {
          "when": [
            "Cherry Armor Stand",
            "Armor Stand Cherry",
            "Cherry"
          ],
          "model": {
            "type": "minecraft:model",
            "model": "minecraft:item/armor_stand_cherry"
          }
        },
        {
          "when": [
            "Pale Armor Stand",
            "Armor Stand Pale",
            "Pale"
          ],
          "model": {
            "type": "minecraft:model",
            "model": "minecraft:item/armor_stand_pale"
          }
        },
        {
          "when": [
            "Crimson Armor Stand",
            "Armor Stand Crimson",
            "Crimson"
          ],
          "model": {
            "type": "minecraft:model",
            "model": "minecraft:item/armor_stand_crimson"
          }
        },
        {
          "when": [
            "Warped Armor Stand",
            "Armor Stand Warped",
            "Warped"
          ],
          "model": {
            "type": "minecraft:model",
            "model": "minecraft:item/armor_stand_warped"
          }
        },
        {
          "when": [
            "Bamboo Armor Stand",
            "Armor Stand Bamboo",
            "Bamboo"
          ],
          "model": {
            "type": "minecraft:model",
            "model": "minecraft:item/armor_stand_bamboo"
          }
        },
        {
          "when": [
            "Dummy Armor Stand",
            "Armor Stand Dummy",
            "Training Dummy",
            "Target Dummy",
            "Dummy"
          ],
          "model": {
            "type": "minecraft:model",
            "model": "minecraft:item/dummy"
          }
        },
        {
          "when": [
            "Stone Armor Stand",
            "Armor Stand Stone",
            "Stone Statue",
            "Stone"
          ],
          "model": {
            "type": "minecraft:model",
            "model": "minecraft:item/stone_stand"
          }
        },
        {
          "when": [
            "Stone Pawn",
            "Stone Rook",
            "Stone Knight",
            "Stone Bishop",
            "Stone Queen",
            "Stone King",
            "Gargoyle"
          ],
          "model": {
            "type": "minecraft:model",
            "model": "minecraft:item/stone_statue"
          }
        },
        {
          "when": [
            "Deepslate Pawn",
            "Deepslate Rook",
            "Deepslate Knight",
            "Deepslate Bishop",
            "Deepslate Queen",
            "Deepslate King"
          ],
          "model": {
            "type": "minecraft:model",
            "model": "minecraft:item/deepslate_statue"
          }
        },
        {
          "when": [
            "Wildfire",
            "Wildfire Statue"
          ],
          "model": {
            "type": "minecraft:model",
            "model": "minecraft:item/netherite_statue"
          }
        },
        {
          "when": [
            "Creeper Anatomy",
            "Anatomy of a Creeper"
          ],
          "model": {
            "type": "minecraft:model",
            "model": "minecraft:item/creeper_anatomy"
          }
        }
      ],
      "fallback": {
        "type": "minecraft:model",
        "model": "minecraft:item/armor_stand"
      }
    },
    "on_false": {
      "type": "minecraft:model",
      "model": "minecraft:item/armor_stand"
    }
  }
}