{
	"parent": "item/generated",
	"textures": {
    "layer0": "minecraft:item/tools/pickaxe_fortune"
  },
  "display": {
		"thirdperson_righthand": {
			"rotation": [0, -90, 55],
			"translation": [0, 6.25, 1],
			"scale": [1.2, 1.2, 1.2]
		},
		"thirdperson_lefthand": {
			"rotation": [0, 90, -55],
			"translation": [0, 6.25, 1],
			"scale": [1.2, 1.2, 1.2]
		},
		"firstperson_righthand": {
			"rotation": [0, -90, 25],
			"translation": [1.13, 3.2, 1.13],
			"scale": [0.68, 0.68, 0.68]
		},
		"firstperson_lefthand": {
			"rotation": [0, 90, -25],
			"translation": [1.13, 3.2, 1.13],
			"scale": [0.68, 0.68, 0.68]
		},
		"ground": {
			"translation": [0, 4, 0],
			"scale": [0.65, 0.65, 0.65]
		}
	}
}