{
	"credit": "Bray was here :)",
	"parent": "item/generated",
	"textures": {
		"layer0": "item/tools/pickaxe_silktouch"
	},
	"display": {
		"thirdperson_righthand": {
			"rotation": [0, -90, 55],
			"translation": [0, 6.25, 1],
			"scale": [1.201, 1.201, 1.201]
		},
		"thirdperson_lefthand": {
			"rotation": [0, 90, -55],
			"translation": [0, 6.25, 1],
			"scale": [1.201, 1.201, 1.201]
		},
		"firstperson_righthand": {
			"rotation": [0, -90, 25],
			"translation": [1.13, 3.2, 1.13],
			"scale": [0.681, 0.681, 0.681]
		},
		"firstperson_lefthand": {
			"rotation": [0, 90, -25],
			"translation": [1.13, 3.2, 1.13],
			"scale": [0.681, 0.681, 0.681]
		},
		"ground": {
			"translation": [0, 4, 0],
			"scale": [0.67, 0.67, 0.67]
		},
		"gui": {
			"scale": [1.01, 1.01, 1.01]
		},
		"head": {
			"scale": [1.01, 1.01, 1.01]
		},
		"fixed": {
			"scale": [1.01, 1.01, 1.01]
		}
	}
}